Universities or Institution urls,Universities or Institution Type
https://www.studiesinaustralia.com/courses-in-australia/acu-english-language-centres,University
https://www.studiesinaustralia.com/courses-in-australia/australian-catholic-university-acu,University
https://www.studiesinaustralia.com/courses-in-australia/australian-institute-of-business-and-technology,University
https://www.studiesinaustralia.com/courses-in-australia/avondale-university,University
https://www.studiesinaustralia.com/courses-in-australia/federation-university-australia,University
https://www.studiesinaustralia.com/courses-in-australia/federation-university-australia-brisbane,University
https://www.studiesinaustralia.com/courses-in-australia/la-trobe-college-australia,University
https://www.studiesinaustralia.com/courses-in-australia/la-trobe-university,University
https://www.studiesinaustralia.com/courses-in-australia/southern-cross-university,University
https://www.studiesinaustralia.com/courses-in-australia/tafe-south-australia-tafe-sa,TAFE
https://www.studiesinaustralia.com/courses-in-australia/tafe-south-australia-tafe-sa-english-language,TAFE
https://www.studiesinaustralia.com/courses-in-australia/the-university-of-notre-dame-australia,University
https://www.studiesinaustralia.com/courses-in-australia/the-university-of-notre-dame-australia-study-abroad,University
https://www.studiesinaustralia.com/courses-in-australia/university-of-south-australia-unisa,University
https://www.studiesinaustralia.com/courses-in-australia/university-of-southern-queensland-usq,University
https://www.studiesinaustralia.com/courses-in-australia/university-of-technology-sydney,University
https://www.studiesinaustralia.com/courses-in-australia/ah-b-college,Registered Training Organisation (RTO)
https://www.studiesinaustralia.com/courses-in-australia/ahts-training-and-education,Registered Training Organisation (RTO)
https://www.studiesinaustralia.com/courses-in-australia/aiwt,Registered Training Organisation (RTO)
https://www.studiesinaustralia.com/courses-in-australia/alacc-health-college-australia,Registered Training Organisation (RTO)
https://www.studiesinaustralia.com/courses-in-australia/aoi-institute,Registered Training Organisation (RTO)
https://www.studiesinaustralia.com/courses-in-australia/ausinet,Registered Training Organisation (RTO)
https://www.studiesinaustralia.com/courses-in-australia/aveta-australian-vocational-education-training-academy,Registered Training Organisation (RTO)
https://www.studiesinaustralia.com/courses-in-australia/academia-australia,Registered Training Organisation (RTO)
https://www.studiesinaustralia.com/courses-in-australia/academies-australasia-institute-pty-ltd,Registered Training Organisation (RTO)
https://www.studiesinaustralia.com/courses-in-australia/academies-australasia-polytechnic,University
https://www.studiesinaustralia.com/courses-in-australia/academique-pty-ltd,Registered Training Organisation (RTO)
https://www.studiesinaustralia.com/courses-in-australia/academy-of-information-technology-pty-ltd,University
https://www.studiesinaustralia.com/courses-in-australia/academy-of-interactive-entertainment-aie,University
https://www.studiesinaustralia.com/courses-in-australia/academy-of-international-education-australia-the,Registered Training Organisation (RTO)
https://www.studiesinaustralia.com/courses-in-australia/academy-of-music-and-performing-arts,University
https://www.studiesinaustralia.com/courses-in-australia/acknowledge-education,University
https://www.studiesinaustralia.com/courses-in-australia/active-training-education-and-compliance-pty-ltd,Registered Training Organisation (RTO)
https://www.studiesinaustralia.com/courses-in-australia/acumen-institute-of-further-education,Registered Training Organisation (RTO)
https://www.studiesinaustralia.com/courses-in-australia/aeropower-pty-ltd,Registered Training Organisation (RTO)
https://www.studiesinaustralia.com/courses-in-australia/airways-aviation,Registered Training Organisation (RTO)
https://www.studiesinaustralia.com/courses-in-australia/alphacrucis-college,University
https://www.studiesinaustralia.com/courses-in-australia/angad-australian-institute-of-technology-pty-ltd,Registered Training Organisation (RTO)
https://www.studiesinaustralia.com/courses-in-australia/angel-united-group-pty-ltd,Registered Training Organisation (RTO)
https://www.studiesinaustralia.com/courses-in-australia/ashton-college,Registered Training Organisation (RTO)
https://www.studiesinaustralia.com/courses-in-australia/asia-pacific-international-college,University
https://www.studiesinaustralia.com/courses-in-australia/astute-training-pty-ltd,Registered Training Organisation (RTO)
https://www.studiesinaustralia.com/courses-in-australia/austech-business-institute,Registered Training Organisation (RTO)
https://www.studiesinaustralia.com/courses-in-australia/australasian-institute-of-ayurvedic-studies-pty-ltd,Registered Training Organisation (RTO)
https://www.studiesinaustralia.com/courses-in-australia/australia-latin-america-training-academy,Registered Training Organisation (RTO)
https://www.studiesinaustralia.com/courses-in-australia/australian-academy-of-commerce,Registered Training Organisation (RTO)
https://www.studiesinaustralia.com/courses-in-australia/australian-ballet-school-the,Registered Training Organisation (RTO)
https://www.studiesinaustralia.com/courses-in-australia/australian-careers-education-pty-ltd,Registered Training Organisation (RTO)
https://www.studiesinaustralia.com/courses-in-australia/australian-college-for-excellence,Registered Training Organisation (RTO)
https://www.studiesinaustralia.com/courses-in-australia/australian-college-of-agriculture-horticulture,Registered Training Organisation (RTO)
https://www.studiesinaustralia.com/courses-in-australia/australian-college-of-applied-professions,University
https://www.studiesinaustralia.com/courses-in-australia/australian-college-of-eastern-medicine,Registered Training Organisation (RTO)
https://www.studiesinaustralia.com/courses-in-australia/australian-college-of-information-technology,Registered Training Organisation (RTO)
https://www.studiesinaustralia.com/courses-in-australia/australian-college-of-physical-education-acpe,University
https://www.studiesinaustralia.com/courses-in-australia/australian-college-of-sport,Registered Training Organisation (RTO)
https://www.studiesinaustralia.com/courses-in-australia/australian-college-of-sport-fitness,Registered Training Organisation (RTO)
https://www.studiesinaustralia.com/courses-in-australia/australian-college-of-technology-pty-ltd,Registered Training Organisation (RTO)
https://www.studiesinaustralia.com/courses-in-australia/australian-college-of-trade,Registered Training Organisation (RTO)
https://www.studiesinaustralia.com/courses-in-australia/australian-english-language-centre,Other
https://www.studiesinaustralia.com/courses-in-australia/australian-industrial-systems-institute,Registered Training Organisation (RTO)
https://www.studiesinaustralia.com/courses-in-australia/australian-institute-of-engineering,Registered Training Organisation (RTO)
https://www.studiesinaustralia.com/courses-in-australia/australian-institute-of-higher-education,University
https://www.studiesinaustralia.com/courses-in-australia/australian-institute-of-music-aim-the,University
https://www.studiesinaustralia.com/courses-in-australia/australian-national-airline-college,Registered Training Organisation (RTO)
https://www.studiesinaustralia.com/courses-in-australia/australian-national-university-anu,University
https://www.studiesinaustralia.com/courses-in-australia/australian-pacific-college,Registered Training Organisation (RTO)
https://www.studiesinaustralia.com/courses-in-australia/australian-professional-skills-institute,Registered Training Organisation (RTO)
https://www.studiesinaustralia.com/courses-in-australia/australian-technical-and-management-college-pty-ltd,University
https://www.studiesinaustralia.com/courses-in-australia/australian-wings-academy-pty-ltd,Registered Training Organisation (RTO)
https://www.studiesinaustralia.com/courses-in-australia/aviation-australia,Registered Training Organisation (RTO)
https://www.studiesinaustralia.com/courses-in-australia/bankstown-community-college-inc,Registered Training Organisation (RTO)
https://www.studiesinaustralia.com/courses-in-australia/barkly-international-college,Registered Training Organisation (RTO)
https://www.studiesinaustralia.com/courses-in-australia/becker-helicopter-services-pty-ltd,Registered Training Organisation (RTO)
https://www.studiesinaustralia.com/courses-in-australia/bedford-college,Registered Training Organisation (RTO)
https://www.studiesinaustralia.com/courses-in-australia/bendigo-tafe,TAFE
https://www.studiesinaustralia.com/courses-in-australia/biba-academy-of-hairdressing,Registered Training Organisation (RTO)
https://www.studiesinaustralia.com/courses-in-australia/billy-blue-college-of-design-at-torrens-university,University
https://www.studiesinaustralia.com/courses-in-australia/blue-mountains-international-hotel-management-school-bmihms,University
https://www.studiesinaustralia.com/courses-in-australia/bond-university,University
https://www.studiesinaustralia.com/courses-in-australia/booth-college,University
https://www.studiesinaustralia.com/courses-in-australia/brighton-institute-of-technology,Registered Training Organisation (RTO)
https://www.studiesinaustralia.com/courses-in-australia/brisbane-college-of-australia,Registered Training Organisation (RTO)
https://www.studiesinaustralia.com/courses-in-australia/brisbane-school-of-hairdressing,Registered Training Organisation (RTO)
https://www.studiesinaustralia.com/courses-in-australia/brisbane-school-of-theology,University
https://www.studiesinaustralia.com/courses-in-australia/builders-academy-australia,Registered Training Organisation (RTO)
https://www.studiesinaustralia.com/courses-in-australia/cquniversity-australia,University
https://www.studiesinaustralia.com/courses-in-australia/cairnmillar-institute,University
https://www.studiesinaustralia.com/courses-in-australia/cairns-beauty-academy-salon-and-school,Registered Training Organisation (RTO)
https://www.studiesinaustralia.com/courses-in-australia/cairns-business-college,Registered Training Organisation (RTO)
https://www.studiesinaustralia.com/courses-in-australia/cambridge-international-college-vic,University
https://www.studiesinaustralia.com/courses-in-australia/campion-college-australia,University
https://www.studiesinaustralia.com/courses-in-australia/canberra-institute-of-technology-cit,TAFE
https://www.studiesinaustralia.com/courses-in-australia/catholic-institute-of-sydney,University
https://www.studiesinaustralia.com/courses-in-australia/central-australian-college,Registered Training Organisation (RTO)
https://www.studiesinaustralia.com/courses-in-australia/central-regional-tafe-tafe-wa,TAFE
https://www.studiesinaustralia.com/courses-in-australia/centre-of-excellence-the,Registered Training Organisation (RTO)
https://www.studiesinaustralia.com/courses-in-australia/charles-darwin-university-cdu,University
https://www.studiesinaustralia.com/courses-in-australia/charles-institute-of-technology,Registered Training Organisation (RTO)
https://www.studiesinaustralia.com/courses-in-australia/charles-sturt-university,University
https://www.studiesinaustralia.com/courses-in-australia/charlton-brown,Registered Training Organisation (RTO)
https://www.studiesinaustralia.com/courses-in-australia/chisholm-institute-tafe-vic,TAFE
https://www.studiesinaustralia.com/courses-in-australia/christ-college,University
https://www.studiesinaustralia.com/courses-in-australia/christian-heritage-college,University
https://www.studiesinaustralia.com/courses-in-australia/clarendon-business-college-pty-ltd,Registered Training Organisation (RTO)
https://www.studiesinaustralia.com/courses-in-australia/college-of-complementary-medicine,Registered Training Organisation (RTO)
https://www.studiesinaustralia.com/courses-in-australia/college-of-law-the,University
https://www.studiesinaustralia.com/courses-in-australia/crown-college,Registered Training Organisation (RTO)
https://www.studiesinaustralia.com/courses-in-australia/curtin-university,University
https://www.studiesinaustralia.com/courses-in-australia/dna-kingston-training,Registered Training Organisation (RTO)
https://www.studiesinaustralia.com/courses-in-australia/dance-factory,Registered Training Organisation (RTO)
https://www.studiesinaustralia.com/courses-in-australia/deakin-university,University
https://www.studiesinaustralia.com/courses-in-australia/ducere-global-business-school,University
https://www.studiesinaustralia.com/courses-in-australia/eca-college,Registered Training Organisation (RTO)
https://www.studiesinaustralia.com/courses-in-australia/eim-training,Registered Training Organisation (RTO)
https://www.studiesinaustralia.com/courses-in-australia/embracia-education-development-pty-ltd,Registered Training Organisation (RTO)
https://www.studiesinaustralia.com/courses-in-australia/equals-international-aust-pty-ltd,Registered Training Organisation (RTO)
https://www.studiesinaustralia.com/courses-in-australia/eastern-college-australia-incorporated,University
https://www.studiesinaustralia.com/courses-in-australia/edith-cowan-university-ecu,University
https://www.studiesinaustralia.com/courses-in-australia/education-training-employment-australia-pty-ltd,Registered Training Organisation (RTO)
https://www.studiesinaustralia.com/courses-in-australia/einstein-college-of-australia,Registered Training Organisation (RTO)
https://www.studiesinaustralia.com/courses-in-australia/elite-education-institute,University
https://www.studiesinaustralia.com/courses-in-australia/ella-bache-college-of-skin-beauty-therapy,Registered Training Organisation (RTO)
https://www.studiesinaustralia.com/courses-in-australia/elly-lukas-beauty-therapy-college,Registered Training Organisation (RTO)
https://www.studiesinaustralia.com/courses-in-australia/emmaus-bible-college,University
https://www.studiesinaustralia.com/courses-in-australia/empyrean-education-institute,Registered Training Organisation (RTO)
https://www.studiesinaustralia.com/courses-in-australia/endeavour-college-of-natural-health,University
https://www.studiesinaustralia.com/courses-in-australia/engineering-institute-of-technology,Registered Training Organisation (RTO)
https://www.studiesinaustralia.com/courses-in-australia/english-in-paradise,Registered Training Organisation (RTO)
https://www.studiesinaustralia.com/courses-in-australia/envirotech-education,Registered Training Organisation (RTO)
https://www.studiesinaustralia.com/courses-in-australia/eva-burrows-college-vocational-training,Registered Training Organisation (RTO)
https://www.studiesinaustralia.com/courses-in-australia/everest-institute,Registered Training Organisation (RTO)
https://www.studiesinaustralia.com/courses-in-australia/everthought-education-perth,Registered Training Organisation (RTO)
https://www.studiesinaustralia.com/courses-in-australia/excelsia-college,University
https://www.studiesinaustralia.com/courses-in-australia/federation-tafe,Registered Training Organisation (RTO)
https://www.studiesinaustralia.com/courses-in-australia/flight-academy-australia,Registered Training Organisation (RTO)
https://www.studiesinaustralia.com/courses-in-australia/flight-training-adelaide-pty-ltd,Registered Training Organisation (RTO)
https://www.studiesinaustralia.com/courses-in-australia/flinders-university,University
https://www.studiesinaustralia.com/courses-in-australia/fox-education-and-consultancy,Registered Training Organisation (RTO)
https://www.studiesinaustralia.com/courses-in-australia/gotafe,TAFE
https://www.studiesinaustralia.com/courses-in-australia/global-business-college-of-australia,Registered Training Organisation (RTO)
https://www.studiesinaustralia.com/courses-in-australia/gold-coast-learning-centre,Registered Training Organisation (RTO)
https://www.studiesinaustralia.com/courses-in-australia/greenwich-college,Registered Training Organisation (RTO)
https://www.studiesinaustralia.com/courses-in-australia/griffith-university,University
https://www.studiesinaustralia.com/courses-in-australia/hartwig-air-and-bruce-hartwig-flying-school,Registered Training Organisation (RTO)
https://www.studiesinaustralia.com/courses-in-australia/harvest-bible-college-ltd,University
https://www.studiesinaustralia.com/courses-in-australia/health-careers-international,Registered Training Organisation (RTO)
https://www.studiesinaustralia.com/courses-in-australia/hibernia-institute-sydney,Registered Training Organisation (RTO)
https://www.studiesinaustralia.com/courses-in-australia/higher-education-leadership-institute-heli,University
https://www.studiesinaustralia.com/courses-in-australia/holmes-commercial-colleges-melbourne-ltd,Registered Training Organisation (RTO)
https://www.studiesinaustralia.com/courses-in-australia/holmes-institute-pty-ltd,University
https://www.studiesinaustralia.com/courses-in-australia/holmesglen-institute,TAFE
https://www.studiesinaustralia.com/courses-in-australia/ies-college,Registered Training Organisation (RTO)
https://www.studiesinaustralia.com/courses-in-australia/imagine-education-australia,Registered Training Organisation (RTO)
https://www.studiesinaustralia.com/courses-in-australia/in-tech-institute-of-technology,Registered Training Organisation (RTO)
https://www.studiesinaustralia.com/courses-in-australia/institute-of-health-management,
https://www.studiesinaustralia.com/courses-in-australia/institute-of-health-and-nursing-australia-ihna,Registered Training Organisation (RTO)
https://www.studiesinaustralia.com/courses-in-australia/institute-of-tertiary-and-higher-education-australia,Registered Training Organisation (RTO)
https://www.studiesinaustralia.com/courses-in-australia/institute-of-training-and-further-education,Registered Training Organisation (RTO)
https://www.studiesinaustralia.com/courses-in-australia/international-college-of-advanced-education-pty-ltd,Registered Training Organisation (RTO)
https://www.studiesinaustralia.com/courses-in-australia/international-college-of-hotel-management-ichm,University
https://www.studiesinaustralia.com/courses-in-australia/international-college-of-management-sydney,University
https://www.studiesinaustralia.com/courses-in-australia/international-college-of-victoria,Registered Training Organisation (RTO)
https://www.studiesinaustralia.com/courses-in-australia/international-house-sydney,Registered Training Organisation (RTO)
https://www.studiesinaustralia.com/courses-in-australia/international-institute-of-business-and-technology,University
https://www.studiesinaustralia.com/courses-in-australia/international-institute-of-planning-management,Registered Training Organisation (RTO)
https://www.studiesinaustralia.com/courses-in-australia/jmc-academy,University
https://www.studiesinaustralia.com/courses-in-australia/james-cook-university-jcu,University
https://www.studiesinaustralia.com/courses-in-australia/jandakot-flight-centre,Other
https://www.studiesinaustralia.com/courses-in-australia/job-training-institute-pty-ltd,Registered Training Organisation (RTO)
https://www.studiesinaustralia.com/courses-in-australia/john-paul-ii-institute-for-marriage-and-family-melbourne,University
https://www.studiesinaustralia.com/courses-in-australia/kangan-institute-tafe-vic,TAFE
https://www.studiesinaustralia.com/courses-in-australia/kaplan-business-school,University
https://www.studiesinaustralia.com/courses-in-australia/kent-institute-australia,University
https://www.studiesinaustralia.com/courses-in-australia/kenvale-college,Registered Training Organisation (RTO)
https://www.studiesinaustralia.com/courses-in-australia/kings-own-institute,University
https://www.studiesinaustralia.com/courses-in-australia/lp-communications,Registered Training Organisation (RTO)
https://www.studiesinaustralia.com/courses-in-australia/lci-melbourne,University
https://www.studiesinaustralia.com/courses-in-australia/liberty-design-college,Registered Training Organisation (RTO)
https://www.studiesinaustralia.com/courses-in-australia/latrobe-college-of-art-and-design,Registered Training Organisation (RTO)
https://www.studiesinaustralia.com/courses-in-australia/le-cordon-bleu-australia-pty-ltd,University
https://www.studiesinaustralia.com/courses-in-australia/lennox-college,Registered Training Organisation (RTO)
https://www.studiesinaustralia.com/courses-in-australia/leo-cussen-centre-for-law,University
https://www.studiesinaustralia.com/courses-in-australia/lexis-english-perth,Other
https://www.studiesinaustralia.com/courses-in-australia/lifetime-international-training-college,Registered Training Organisation (RTO)
https://www.studiesinaustralia.com/courses-in-australia/lonsdale-institute-pty-ltd,Registered Training Organisation (RTO)
https://www.studiesinaustralia.com/courses-in-australia/lyceum-education-centre-pty-ltd,Registered Training Organisation (RTO)
https://www.studiesinaustralia.com/courses-in-australia/lyons-college,Registered Training Organisation (RTO)
https://www.studiesinaustralia.com/courses-in-australia/mta-institute,Registered Training Organisation (RTO)
https://www.studiesinaustralia.com/courses-in-australia/macleay-college,University
https://www.studiesinaustralia.com/courses-in-australia/macquarie-university,University
https://www.studiesinaustralia.com/courses-in-australia/malyon-college-queensland-baptist-college-of-ministries,University
https://www.studiesinaustralia.com/courses-in-australia/management-edge-pty-ltd-the,Registered Training Organisation (RTO)
https://www.studiesinaustralia.com/courses-in-australia/marcus-oldham-college,University
https://www.studiesinaustralia.com/courses-in-australia/martin-higher-education,University
https://www.studiesinaustralia.com/courses-in-australia/massage-schools-of-queensland,Registered Training Organisation (RTO)
https://www.studiesinaustralia.com/courses-in-australia/matters-in-gray,Registered Training Organisation (RTO)
https://www.studiesinaustralia.com/courses-in-australia/max-therapy-institute,Registered Training Organisation (RTO)
https://www.studiesinaustralia.com/courses-in-australia/media-make-up-academy,Registered Training Organisation (RTO)
https://www.studiesinaustralia.com/courses-in-australia/melbourne-city-college-australia,University
https://www.studiesinaustralia.com/courses-in-australia/melbourne-city-institute-of-education,Registered Training Organisation (RTO)
https://www.studiesinaustralia.com/courses-in-australia/melbourne-college-of-further-education,Registered Training Organisation (RTO)
https://www.studiesinaustralia.com/courses-in-australia/melbourne-college-of-hair-and-beauty,Registered Training Organisation (RTO)
https://www.studiesinaustralia.com/courses-in-australia/melbourne-institute-of-technology-mit,University
https://www.studiesinaustralia.com/courses-in-australia/melbourne-polytechnic,TAFE
https://www.studiesinaustralia.com/courses-in-australia/mercury-colleges,Registered Training Organisation (RTO)
https://www.studiesinaustralia.com/courses-in-australia/milcom-institute,Registered Training Organisation (RTO)
https://www.studiesinaustralia.com/courses-in-australia/milner-international-college-of-english-wa-pty-ltd,Other
https://www.studiesinaustralia.com/courses-in-australia/monash-college,University
https://www.studiesinaustralia.com/courses-in-australia/monash-university,University
https://www.studiesinaustralia.com/courses-in-australia/moorabbin-flying-services,Registered Training Organisation (RTO)
https://www.studiesinaustralia.com/courses-in-australia/moore-theological-college,University
https://www.studiesinaustralia.com/courses-in-australia/murdoch-institute-of-technology,University
https://www.studiesinaustralia.com/courses-in-australia/murdoch-university,University
https://www.studiesinaustralia.com/courses-in-australia/nan-tien-institute,University
https://www.studiesinaustralia.com/courses-in-australia/national-academy-of-hair-beauty,Registered Training Organisation (RTO)
https://www.studiesinaustralia.com/courses-in-australia/national-art-school,University
https://www.studiesinaustralia.com/courses-in-australia/national-college-of-vocational-education,Registered Training Organisation (RTO)
https://www.studiesinaustralia.com/courses-in-australia/national-institute-of-dramatic-art-nida,University
https://www.studiesinaustralia.com/courses-in-australia/national-institute-of-education-and-technology,Registered Training Organisation (RTO)
https://www.studiesinaustralia.com/courses-in-australia/national-theatre,Registered Training Organisation (RTO)
https://www.studiesinaustralia.com/courses-in-australia/national-training-solutions-provider-pty-ltd-ta-it-futures,Registered Training Organisation (RTO)
https://www.studiesinaustralia.com/courses-in-australia/national-training-centre-of-australia,Registered Training Organisation (RTO)
https://www.studiesinaustralia.com/courses-in-australia/navitas-college-of-public-safety,University
https://www.studiesinaustralia.com/courses-in-australia/navitas-english,Registered Training Organisation (RTO)
https://www.studiesinaustralia.com/courses-in-australia/new-england-institute-of-technology-pty-ltd,Registered Training Organisation (RTO)
https://www.studiesinaustralia.com/courses-in-australia/new-york-film-academy-australia-pty-ltd,Registered Training Organisation (RTO)
https://www.studiesinaustralia.com/courses-in-australia/niche-education-group-pty-ltd,Registered Training Organisation (RTO)
https://www.studiesinaustralia.com/courses-in-australia/north-metropolitan-tafe,TAFE
https://www.studiesinaustralia.com/courses-in-australia/north-regional-tafe-tafe-wa,TAFE
https://www.studiesinaustralia.com/courses-in-australia/northern-college-of-the-arts-and-technology,Registered Training Organisation (RTO)
https://www.studiesinaustralia.com/courses-in-australia/nova-institute-of-technology,Registered Training Organisation (RTO)
https://www.studiesinaustralia.com/courses-in-australia/oceania-polytechnic-institute-of-education,Registered Training Organisation (RTO)
https://www.studiesinaustralia.com/courses-in-australia/orana-fashion-business-college,Registered Training Organisation (RTO)
https://www.studiesinaustralia.com/courses-in-australia/orange-international-college-pty-ltd,Registered Training Organisation (RTO)
https://www.studiesinaustralia.com/courses-in-australia/outsource-institute-aus,Registered Training Organisation (RTO)
https://www.studiesinaustralia.com/courses-in-australia/ozford-institute-of-higher-education,Other
https://www.studiesinaustralia.com/courses-in-australia/pacific-college-pty-ltd,Registered Training Organisation (RTO)
https://www.studiesinaustralia.com/courses-in-australia/perth-bible-college,University
https://www.studiesinaustralia.com/courses-in-australia/perth-college-of-beauty-therapy,Registered Training Organisation (RTO)
https://www.studiesinaustralia.com/courses-in-australia/perth-college-of-business-and-technology,Registered Training Organisation (RTO)
https://www.studiesinaustralia.com/courses-in-australia/perth-international-college-of-english,Other
https://www.studiesinaustralia.com/courses-in-australia/photography-studies-college-melbourne,University
https://www.studiesinaustralia.com/courses-in-australia/platinum-institute-australia,Registered Training Organisation (RTO)
https://www.studiesinaustralia.com/courses-in-australia/qiba-pty-ltd,Registered Training Organisation (RTO)
https://www.studiesinaustralia.com/courses-in-australia/quality-college-of-australia,Registered Training Organisation (RTO)
https://www.studiesinaustralia.com/courses-in-australia/queens-college,Registered Training Organisation (RTO)
https://www.studiesinaustralia.com/courses-in-australia/queensford-college,Registered Training Organisation (RTO)
https://www.studiesinaustralia.com/courses-in-australia/queensland-academy-of-technology,Registered Training Organisation (RTO)
https://www.studiesinaustralia.com/courses-in-australia/queensland-hairdressing-academy-the,Registered Training Organisation (RTO)
https://www.studiesinaustralia.com/courses-in-australia/queensland-international-institute,Registered Training Organisation (RTO)
https://www.studiesinaustralia.com/courses-in-australia/queensland-school-of-beauty-therapy-pty-ltd,Registered Training Organisation (RTO)
https://www.studiesinaustralia.com/courses-in-australia/queensland-university-of-technology-qut,University
https://www.studiesinaustralia.com/courses-in-australia/rmit-university,University
https://www.studiesinaustralia.com/courses-in-australia/reformed-theological-college,University
https://www.studiesinaustralia.com/courses-in-australia/rhodes-college,Registered Training Organisation (RTO)
https://www.studiesinaustralia.com/courses-in-australia/royal-brisbane-institute-of-technology,Registered Training Organisation (RTO)
https://www.studiesinaustralia.com/courses-in-australia/royal-victorian-aero-club,Registered Training Organisation (RTO)
https://www.studiesinaustralia.com/courses-in-australia/s-p-jain-school-of-global-management,University
https://www.studiesinaustralia.com/courses-in-australia/sae-creative-media-institute,University
https://www.studiesinaustralia.com/courses-in-australia/salford-college,Registered Training Organisation (RTO)
https://www.studiesinaustralia.com/courses-in-australia/sarina-russo-institute,Registered Training Organisation (RTO)
https://www.studiesinaustralia.com/courses-in-australia/sheridan-institute-of-higher-education,University
https://www.studiesinaustralia.com/courses-in-australia/skilled-up-pty-ltd,Registered Training Organisation (RTO)
https://www.studiesinaustralia.com/courses-in-australia/skills-training-australia,Registered Training Organisation (RTO)
https://www.studiesinaustralia.com/courses-in-australia/south-metropolitan-tafe-tafe-wa,TAFE
https://www.studiesinaustralia.com/courses-in-australia/southern-cross-education-institute,Registered Training Organisation (RTO)
https://www.studiesinaustralia.com/courses-in-australia/spencer-college-pty-ltd,Registered Training Organisation (RTO)
https://www.studiesinaustralia.com/courses-in-australia/st-andrews-greek-orthodox-theological-college,University
https://www.studiesinaustralia.com/courses-in-australia/st-george-sutherland-community-college-inc,Registered Training Organisation (RTO)
https://www.studiesinaustralia.com/courses-in-australia/stacey-college,Other
https://www.studiesinaustralia.com/courses-in-australia/stanley-college,Registered Training Organisation (RTO)
https://www.studiesinaustralia.com/courses-in-australia/sterling-business-college,Registered Training Organisation (RTO)
https://www.studiesinaustralia.com/courses-in-australia/stirling-institute-of-australia-pty-ltd,Registered Training Organisation (RTO)
https://www.studiesinaustralia.com/courses-in-australia/sunraysia-institute-of-tafe-sunitafe,TAFE
https://www.studiesinaustralia.com/courses-in-australia/supreme-business-college,Registered Training Organisation (RTO)
https://www.studiesinaustralia.com/courses-in-australia/swinburne-university-of-technology,University
https://www.studiesinaustralia.com/courses-in-australia/sydney-art-school,Registered Training Organisation (RTO)
https://www.studiesinaustralia.com/courses-in-australia/sydney-business-travel-academy-the,Registered Training Organisation (RTO)
https://www.studiesinaustralia.com/courses-in-australia/sydney-college-of-divinity,University
https://www.studiesinaustralia.com/courses-in-australia/sydney-institute-of-interpreting-translating,Registered Training Organisation (RTO)
https://www.studiesinaustralia.com/courses-in-australia/sydney-institute-of-traditional-chinese-medicine,University
https://www.studiesinaustralia.com/courses-in-australia/sydney-missionary-and-bible-college,University
https://www.studiesinaustralia.com/courses-in-australia/sydney-school-of-business-technology,Registered Training Organisation (RTO)
https://www.studiesinaustralia.com/courses-in-australia/tafe-international-western-australia,Other
https://www.studiesinaustralia.com/courses-in-australia/tafe-nsw,TAFE
https://www.studiesinaustralia.com/courses-in-australia/tafe-queensland-brisbane,TAFE
https://www.studiesinaustralia.com/courses-in-australia/tafe-queensland-gold-coast,TAFE
https://www.studiesinaustralia.com/courses-in-australia/tastafe,TAFE
https://www.studiesinaustralia.com/courses-in-australia/taylorweir-international-school-of-hairdressing,Registered Training Organisation (RTO)
https://www.studiesinaustralia.com/courses-in-australia/tec-nq,Registered Training Organisation (RTO)
https://www.studiesinaustralia.com/courses-in-australia/the-gordon,TAFE
https://www.studiesinaustralia.com/courses-in-australia/the-hotel-school,University
https://www.studiesinaustralia.com/courses-in-australia/the-makeup-technicians-pty-ltd,Registered Training Organisation (RTO)
https://www.studiesinaustralia.com/courses-in-australia/the-masters-institute-of-creative-education,Registered Training Organisation (RTO)
https://www.studiesinaustralia.com/courses-in-australia/think-education,Registered Training Organisation (RTO)
https://www.studiesinaustralia.com/courses-in-australia/top-education-institute,University
https://www.studiesinaustralia.com/courses-in-australia/torrens-university-australia,University
https://www.studiesinaustralia.com/courses-in-australia/trade-institute-of-victoria-pty-ltd,Registered Training Organisation (RTO)
https://www.studiesinaustralia.com/courses-in-australia/trinity-theological-college,University
https://www.studiesinaustralia.com/courses-in-australia/tristar-aviation-company-pty-ltd,Registered Training Organisation (RTO)
https://www.studiesinaustralia.com/courses-in-australia/unsw-canberra-at-the-australian-defence-force-academy-unsw-canberra-at-adfa,University
https://www.studiesinaustralia.com/courses-in-australia/unsw-sydney,University
https://www.studiesinaustralia.com/courses-in-australia/uow-college,University
https://www.studiesinaustralia.com/courses-in-australia/utsinsearch,University
https://www.studiesinaustralia.com/courses-in-australia/unity-college-australia,Registered Training Organisation (RTO)
https://www.studiesinaustralia.com/courses-in-australia/universal-business-school-sydney-ubss,University
https://www.studiesinaustralia.com/courses-in-australia/universal-institute-of-technology,Registered Training Organisation (RTO)
https://www.studiesinaustralia.com/courses-in-australia/university-preparation-college,Registered Training Organisation (RTO)
https://www.studiesinaustralia.com/courses-in-australia/university-of-adelaide-the,University
https://www.studiesinaustralia.com/courses-in-australia/university-of-canberra,University
https://www.studiesinaustralia.com/courses-in-australia/university-of-divinity,University
https://www.studiesinaustralia.com/courses-in-australia/university-of-melbourne-the,University
https://www.studiesinaustralia.com/courses-in-australia/university-of-new-england-une,University
https://www.studiesinaustralia.com/courses-in-australia/university-of-newcastle,University
https://www.studiesinaustralia.com/courses-in-australia/university-of-queensland-the-uq,University
https://www.studiesinaustralia.com/courses-in-australia/university-of-sydney,University
https://www.studiesinaustralia.com/courses-in-australia/university-of-tasmania,University
https://www.studiesinaustralia.com/courses-in-australia/university-of-western-australia-the-uwa,University
https://www.studiesinaustralia.com/courses-in-australia/university-of-wollongong,University
https://www.studiesinaustralia.com/courses-in-australia/university-of-the-sunshine-coast-unisc,University
https://www.studiesinaustralia.com/courses-in-australia/vfa-learning,Registered Training Organisation (RTO)
https://www.studiesinaustralia.com/courses-in-australia/victoria-university-vu,University
https://www.studiesinaustralia.com/courses-in-australia/victorian-institute-of-technology-pty-ltd,University
https://www.studiesinaustralia.com/courses-in-australia/victorian-international-academy,Registered Training Organisation (RTO)
https://www.studiesinaustralia.com/courses-in-australia/victory-life-international-bible-training-centre,Registered Training Organisation (RTO)
https://www.studiesinaustralia.com/courses-in-australia/vose-seminary,University
https://www.studiesinaustralia.com/courses-in-australia/win-college,University
https://www.studiesinaustralia.com/courses-in-australia/west-australian-english-college,Other
https://www.studiesinaustralia.com/courses-in-australia/west-australian-institute-of-further-studies,Registered Training Organisation (RTO)
https://www.studiesinaustralia.com/courses-in-australia/western-sydney-university,University
https://www.studiesinaustralia.com/courses-in-australia/whitehouse-institute-of-design-australia,University
https://www.studiesinaustralia.com/courses-in-australia/william-angliss-institute-tafe-vic,TAFE
https://www.studiesinaustralia.com/courses-in-australia/yeshivah-beth-rivkah-colleges-and-yeshivah-ohel-chana,Registered Training Organisation (RTO)
https://www.studiesinaustralia.com/courses-in-australia/yorke-institute,Registered Training Organisation (RTO)
