Start Time,Url,Status Code,File Size,Operation,Time Delay,End Time,Elapsed Time
"20/09/2023, 10:34:49.400308",https://www.studiesinaustralia.com/courses-in-australia/academy-of-interactive-entertainment-aie/campuses,200,66 KB,Save campus url,0 sec,"20/09/2023, 10:34:51.273770",1.8734619617462158
"20/09/2023, 10:34:49.398490",https://www.studiesinaustralia.com/courses-in-australia/academique-pty-ltd/campuses,200,65 KB,Save campus url,0 sec,"20/09/2023, 10:34:51.481541",2.083050489425659
"20/09/2023, 10:34:49.394356",https://www.studiesinaustralia.com/courses-in-australia/academia-australia/campuses,200,65 KB,Save campus url,0 sec,"20/09/2023, 10:34:51.736381",2.342024803161621
"20/09/2023, 10:34:49.399459",https://www.studiesinaustralia.com/courses-in-australia/academy-of-information-technology-pty-ltd/campuses,200,65 KB,Save campus url,0 sec,"20/09/2023, 10:34:51.817323",2.4178643226623535
"20/09/2023, 10:34:49.396439",https://www.studiesinaustralia.com/courses-in-australia/academies-australasia-polytechnic/campuses,200,65 KB,Save campus url,0 sec,"20/09/2023, 10:34:51.819363",2.4229238033294678
"20/09/2023, 10:34:49.395325",https://www.studiesinaustralia.com/courses-in-australia/academies-australasia-institute-pty-ltd/campuses,200,65 KB,Save campus url,0 sec,"20/09/2023, 10:34:51.825371",2.4300456047058105
"20/09/2023, 10:34:51.488506",https://www.studiesinaustralia.com/courses-in-australia/academy-of-music-and-performing-arts/campuses,200,65 KB,Save campus url,0 sec,"20/09/2023, 10:34:52.770042",1.2815368175506592
"20/09/2023, 10:34:51.459399",https://www.studiesinaustralia.com/courses-in-australia/academy-of-international-education-australia-the/campuses,200,65 KB,Save campus url,0 sec,"20/09/2023, 10:34:53.172650",1.7132511138916016
"20/09/2023, 10:34:51.745664",https://www.studiesinaustralia.com/courses-in-australia/acknowledge-education/campuses,200,66 KB,Save campus url,0 sec,"20/09/2023, 10:34:53.873481",2.127816677093506
"20/09/2023, 10:34:51.833447",https://www.studiesinaustralia.com/courses-in-australia/acumen-institute-of-further-education/campuses,200,65 KB,Save campus url,0 sec,"20/09/2023, 10:34:54.076890",2.2444839477539062
"20/09/2023, 10:34:51.828447",https://www.studiesinaustralia.com/courses-in-australia/active-training-education-and-compliance-pty-ltd/campuses,200,64 KB,Save campus url,0 sec,"20/09/2023, 10:34:54.079943",2.2514960765838623
"20/09/2023, 10:34:51.830446",https://www.studiesinaustralia.com/courses-in-australia/acu-english-language-centres/campuses,200,74 KB,Save campus url,0 sec,"20/09/2023, 10:34:54.183256",2.3528103828430176
"20/09/2023, 10:34:53.183535",https://www.studiesinaustralia.com/courses-in-australia/ah-b-college/campuses,200,64 KB,Save campus url,0 sec,"20/09/2023, 10:34:54.491011",1.3074755668640137
"20/09/2023, 10:34:53.883822",https://www.studiesinaustralia.com/courses-in-australia/ahts-training-and-education/campuses,200,64 KB,Save campus url,0 sec,"20/09/2023, 10:34:55.159306",1.2754836082458496
"20/09/2023, 10:34:52.780499",https://www.studiesinaustralia.com/courses-in-australia/aeropower-pty-ltd/campuses,200,64 KB,Save campus url,0 sec,"20/09/2023, 10:34:55.305189",2.5246903896331787
"20/09/2023, 10:34:54.102630",https://www.studiesinaustralia.com/courses-in-australia/aiwt/campuses,200,64 KB,Save campus url,0 sec,"20/09/2023, 10:34:55.515935",1.4133052825927734
"20/09/2023, 10:34:54.190764",https://www.studiesinaustralia.com/courses-in-australia/alacc-health-college-australia/campuses,200,64 KB,Save campus url,0 sec,"20/09/2023, 10:34:55.533643",1.342879295349121
"20/09/2023, 10:34:54.500855",https://www.studiesinaustralia.com/courses-in-australia/alphacrucis-college/campuses,200,66 KB,Save campus url,0 sec,"20/09/2023, 10:34:55.835666",1.3348116874694824
"20/09/2023, 10:34:55.178093",https://www.studiesinaustralia.com/courses-in-australia/angad-australian-institute-of-technology-pty-ltd/campuses,200,64 KB,Save campus url,0 sec,"20/09/2023, 10:34:56.147545",0.9694521427154541
"20/09/2023, 10:34:55.315036",https://www.studiesinaustralia.com/courses-in-australia/angel-united-group-pty-ltd/campuses,200,64 KB,Save campus url,0 sec,"20/09/2023, 10:34:56.431185",1.1161487102508545
"20/09/2023, 10:34:55.531644",https://www.studiesinaustralia.com/courses-in-australia/aoi-institute/campuses,200,64 KB,Save campus url,0 sec,"20/09/2023, 10:34:57.075018",1.5433740615844727
"20/09/2023, 10:34:55.843786",https://www.studiesinaustralia.com/courses-in-australia/asia-pacific-international-college/campuses,200,65 KB,Save campus url,0 sec,"20/09/2023, 10:34:57.362439",1.5186536312103271
"20/09/2023, 10:34:55.543872",https://www.studiesinaustralia.com/courses-in-australia/ashton-college/campuses,200,65 KB,Save campus url,0 sec,"20/09/2023, 10:34:57.376893",1.8340225219726562
"20/09/2023, 10:34:56.445188",https://www.studiesinaustralia.com/courses-in-australia/ausinet/campuses,200,64 KB,Save campus url,0 sec,"20/09/2023, 10:34:58.176903",1.7317156791687012
"20/09/2023, 10:34:56.156846",https://www.studiesinaustralia.com/courses-in-australia/astute-training-pty-ltd/campuses,200,64 KB,Save campus url,0 sec,"20/09/2023, 10:34:58.292193",2.135347366333008
"20/09/2023, 10:34:57.085824",https://www.studiesinaustralia.com/courses-in-australia/austech-business-institute/campuses,200,64 KB,Save campus url,0 sec,"20/09/2023, 10:34:58.441690",1.3558664321899414
"20/09/2023, 10:34:57.387884",https://www.studiesinaustralia.com/courses-in-australia/australasian-institute-of-ayurvedic-studies-pty-ltd/campuses,200,64 KB,Save campus url,0 sec,"20/09/2023, 10:34:58.547043",1.1591589450836182
"20/09/2023, 10:34:57.391128",https://www.studiesinaustralia.com/courses-in-australia/australia-latin-america-training-academy/campuses,200,64 KB,Save campus url,0 sec,"20/09/2023, 10:34:58.699647",1.308518886566162
"20/09/2023, 10:34:58.188145",https://www.studiesinaustralia.com/courses-in-australia/australian-academy-of-commerce/campuses,200,64 KB,Save campus url,0 sec,"20/09/2023, 10:34:59.457180",1.2690348625183105
"20/09/2023, 10:34:58.304580",https://www.studiesinaustralia.com/courses-in-australia/australian-ballet-school-the/campuses,200,64 KB,Save campus url,0 sec,"20/09/2023, 10:34:59.600430",1.2958502769470215
"20/09/2023, 10:34:58.449638",https://www.studiesinaustralia.com/courses-in-australia/australian-careers-education-pty-ltd/campuses,200,64 KB,Save campus url,0 sec,"20/09/2023, 10:34:59.763098",1.313460350036621
"20/09/2023, 10:34:58.718653",https://www.studiesinaustralia.com/courses-in-australia/australian-college-for-excellence/campuses,200,64 KB,Save campus url,0 sec,"20/09/2023, 10:35:00.082784",1.364130973815918
"20/09/2023, 10:34:58.557269",https://www.studiesinaustralia.com/courses-in-australia/australian-catholic-university-acu/campuses,200,73 KB,Save campus url,0 sec,"20/09/2023, 10:35:00.375928",1.8186593055725098
"20/09/2023, 10:34:59.620664",https://www.studiesinaustralia.com/courses-in-australia/australian-college-of-applied-professions/campuses,200,67 KB,Save campus url,0 sec,"20/09/2023, 10:35:01.244085",1.6234207153320312
"20/09/2023, 10:34:59.465307",https://www.studiesinaustralia.com/courses-in-australia/australian-college-of-agriculture-horticulture/campuses,200,65 KB,Save campus url,0 sec,"20/09/2023, 10:35:01.558260",2.0929529666900635
"20/09/2023, 10:34:59.773287",https://www.studiesinaustralia.com/courses-in-australia/australian-college-of-eastern-medicine/campuses,200,65 KB,Save campus url,0 sec,"20/09/2023, 10:35:01.656972",1.8836851119995117
"20/09/2023, 10:35:00.098415",https://www.studiesinaustralia.com/courses-in-australia/australian-college-of-information-technology/campuses,200,65 KB,Save campus url,0 sec,"20/09/2023, 10:35:02.075016",1.9766016006469727
"20/09/2023, 10:35:00.395520",https://www.studiesinaustralia.com/courses-in-australia/australian-college-of-physical-education-acpe/campuses,200,65 KB,Save campus url,0 sec,"20/09/2023, 10:35:02.288763",1.8932428359985352
"20/09/2023, 10:35:01.255528",https://www.studiesinaustralia.com/courses-in-australia/australian-college-of-sport/campuses,200,65 KB,Save campus url,0 sec,"20/09/2023, 10:35:03.181835",1.926307201385498
"20/09/2023, 10:35:01.663970",https://www.studiesinaustralia.com/courses-in-australia/australian-college-of-technology-pty-ltd/campuses,200,64 KB,Save campus url,0 sec,"20/09/2023, 10:35:03.658436",1.9944660663604736
"20/09/2023, 10:35:01.574795",https://www.studiesinaustralia.com/courses-in-australia/australian-college-of-sport-fitness/campuses,200,65 KB,Save campus url,0 sec,"20/09/2023, 10:35:04.112400",2.5376055240631104
"20/09/2023, 10:35:02.086260",https://www.studiesinaustralia.com/courses-in-australia/australian-college-of-trade/campuses,200,64 KB,Save campus url,0 sec,"20/09/2023, 10:35:04.437794",2.351534605026245
"20/09/2023, 10:35:02.298920",https://www.studiesinaustralia.com/courses-in-australia/australian-english-language-centre/campuses,200,64 KB,Save campus url,0 sec,"20/09/2023, 10:35:04.455108",2.1561875343322754
"20/09/2023, 10:35:03.196153",https://www.studiesinaustralia.com/courses-in-australia/australian-industrial-systems-institute/campuses,200,64 KB,Save campus url,0 sec,"20/09/2023, 10:35:04.997711",1.801558256149292
"20/09/2023, 10:35:03.668570",https://www.studiesinaustralia.com/courses-in-australia/australian-institute-of-business-and-technology/campuses,200,72 KB,Save campus url,0 sec,"20/09/2023, 10:35:05.337772",1.669201135635376
"20/09/2023, 10:35:04.124774",https://www.studiesinaustralia.com/courses-in-australia/australian-institute-of-engineering/campuses,200,64 KB,Save campus url,0 sec,"20/09/2023, 10:35:05.552342",1.4275684356689453
"20/09/2023, 10:35:04.469198",https://www.studiesinaustralia.com/courses-in-australia/australian-institute-of-music-aim-the/campuses,200,65 KB,Save campus url,0 sec,"20/09/2023, 10:35:05.768980",1.2997827529907227
"20/09/2023, 10:35:04.467198",https://www.studiesinaustralia.com/courses-in-australia/australian-institute-of-higher-education/campuses,200,65 KB,Save campus url,0 sec,"20/09/2023, 10:35:05.886400",1.4182000160217285
"20/09/2023, 10:35:05.010264",https://www.studiesinaustralia.com/courses-in-australia/australian-national-airline-college/campuses,200,64 KB,Save campus url,0 sec,"20/09/2023, 10:35:05.970171",0.959906816482544
"20/09/2023, 10:35:05.347389",https://www.studiesinaustralia.com/courses-in-australia/australian-national-university-anu/campuses,200,65 KB,Save campus url,0 sec,"20/09/2023, 10:35:06.274165",0.9258012771606445
"20/09/2023, 10:35:05.561690",https://www.studiesinaustralia.com/courses-in-australia/australian-pacific-college/campuses,200,68 KB,Save campus url,0 sec,"20/09/2023, 10:35:06.900344",1.3386545181274414
"20/09/2023, 10:35:05.776910",https://www.studiesinaustralia.com/courses-in-australia/australian-professional-skills-institute/campuses,200,64 KB,Save campus url,0 sec,"20/09/2023, 10:35:07.622177",1.8452672958374023
"20/09/2023, 10:35:05.894864",https://www.studiesinaustralia.com/courses-in-australia/australian-technical-and-management-college-pty-ltd/campuses,200,65 KB,Save campus url,0 sec,"20/09/2023, 10:35:07.700616",1.8057522773742676
"20/09/2023, 10:35:05.980331",https://www.studiesinaustralia.com/courses-in-australia/australian-wings-academy-pty-ltd/campuses,200,64 KB,Save campus url,0 sec,"20/09/2023, 10:35:08.310459",2.3301279544830322
"20/09/2023, 10:35:06.295215",https://www.studiesinaustralia.com/courses-in-australia/aveta-australian-vocational-education-training-academy/campuses,200,64 KB,Save campus url,0 sec,"20/09/2023, 10:35:08.418862",2.123647451400757
"20/09/2023, 10:35:07.631118",https://www.studiesinaustralia.com/courses-in-australia/bankstown-community-college-inc/campuses,200,64 KB,Save campus url,0 sec,"20/09/2023, 10:35:09.082884",1.451765775680542
"20/09/2023, 10:35:06.917994",https://www.studiesinaustralia.com/courses-in-australia/avondale-university/campuses,200,70 KB,Save campus url,0 sec,"20/09/2023, 10:35:09.502961",2.584967613220215
"20/09/2023, 10:35:08.330961",https://www.studiesinaustralia.com/courses-in-australia/becker-helicopter-services-pty-ltd/campuses,200,64 KB,Save campus url,0 sec,"20/09/2023, 10:35:09.805987",1.4750266075134277
"20/09/2023, 10:35:07.707627",https://www.studiesinaustralia.com/courses-in-australia/barkly-international-college/campuses,200,64 KB,Save campus url,0 sec,"20/09/2023, 10:35:09.802119",2.0944924354553223
"20/09/2023, 10:35:08.426923",https://www.studiesinaustralia.com/courses-in-australia/bedford-college/campuses,200,64 KB,Save campus url,0 sec,"20/09/2023, 10:35:09.815037",1.3881139755249023
"20/09/2023, 10:35:09.523922",https://www.studiesinaustralia.com/courses-in-australia/biba-academy-of-hairdressing/campuses,200,64 KB,Save campus url,0 sec,"20/09/2023, 10:35:11.021599",1.4976778030395508
"20/09/2023, 10:35:09.093139",https://www.studiesinaustralia.com/courses-in-australia/bendigo-tafe/campuses,200,65 KB,Save campus url,0 sec,"20/09/2023, 10:35:11.228112",2.13497257232666
"20/09/2023, 10:35:09.842628",https://www.studiesinaustralia.com/courses-in-australia/bond-university/campuses,200,65 KB,Save campus url,0 sec,"20/09/2023, 10:35:11.286831",1.4442024230957031
"20/09/2023, 10:35:09.840649",https://www.studiesinaustralia.com/courses-in-australia/blue-mountains-international-hotel-management-school-bmihms/campuses,200,66 KB,Save campus url,0 sec,"20/09/2023, 10:35:11.384259",1.543609619140625
"20/09/2023, 10:35:09.833605",https://www.studiesinaustralia.com/courses-in-australia/billy-blue-college-of-design-at-torrens-university/campuses,200,66 KB,Save campus url,0 sec,"20/09/2023, 10:35:11.790980",1.9573743343353271
"20/09/2023, 10:35:11.043055",https://www.studiesinaustralia.com/courses-in-australia/booth-college/campuses,200,66 KB,Save campus url,0 sec,"20/09/2023, 10:35:12.264772",1.2227096557617188
"20/09/2023, 10:35:11.237540",https://www.studiesinaustralia.com/courses-in-australia/brighton-institute-of-technology/campuses,200,64 KB,Save campus url,0 sec,"20/09/2023, 10:35:12.612771",1.3752310276031494
"20/09/2023, 10:35:11.296129",https://www.studiesinaustralia.com/courses-in-australia/brisbane-college-of-australia/campuses,200,64 KB,Save campus url,0 sec,"20/09/2023, 10:35:12.636054",1.3399255275726318
"20/09/2023, 10:35:11.811752",https://www.studiesinaustralia.com/courses-in-australia/brisbane-school-of-theology/campuses,200,64 KB,Save campus url,0 sec,"20/09/2023, 10:35:12.931280",1.1195275783538818
"20/09/2023, 10:35:11.392281",https://www.studiesinaustralia.com/courses-in-australia/brisbane-school-of-hairdressing/campuses,200,64 KB,Save campus url,0 sec,"20/09/2023, 10:35:13.169312",1.7770309448242188
"20/09/2023, 10:35:12.278020",https://www.studiesinaustralia.com/courses-in-australia/builders-academy-australia/campuses,200,65 KB,Save campus url,0 sec,"20/09/2023, 10:35:13.335325",1.057305097579956
"20/09/2023, 10:35:12.942758",https://www.studiesinaustralia.com/courses-in-australia/cairns-business-college/campuses,200,64 KB,Save campus url,0 sec,"20/09/2023, 10:35:13.788829",0.8460710048675537
"20/09/2023, 10:35:13.178281",https://www.studiesinaustralia.com/courses-in-australia/cambridge-international-college-vic/campuses,200,65 KB,Save campus url,0 sec,"20/09/2023, 10:35:14.978081",1.7998003959655762
"20/09/2023, 10:35:12.634089",https://www.studiesinaustralia.com/courses-in-australia/cairnmillar-institute/campuses,200,64 KB,Save campus url,0 sec,"20/09/2023, 10:35:14.981400",2.34731125831604
"20/09/2023, 10:35:12.642992",https://www.studiesinaustralia.com/courses-in-australia/cairns-beauty-academy-salon-and-school/campuses,200,64 KB,Save campus url,0 sec,"20/09/2023, 10:35:15.198865",2.555872917175293
"20/09/2023, 10:35:13.367858",https://www.studiesinaustralia.com/courses-in-australia/campion-college-australia/campuses,200,65 KB,Save campus url,0 sec,"20/09/2023, 10:35:15.224647",1.8567888736724854
"20/09/2023, 10:35:13.797259",https://www.studiesinaustralia.com/courses-in-australia/canberra-institute-of-technology-cit/campuses,200,67 KB,Save campus url,0 sec,"20/09/2023, 10:35:15.279628",1.4823689460754395
"20/09/2023, 10:34:54.099540",https://www.studiesinaustralia.com/courses-in-australia/airways-aviation/campuses,900,0 KB,Save campus url,0 sec,"20/09/2023, 10:35:15.521264",21.42172336578369
"20/09/2023, 10:35:15.009321",https://www.studiesinaustralia.com/courses-in-australia/central-australian-college/campuses,200,64 KB,Save campus url,0 sec,"20/09/2023, 10:35:16.722021",1.7126998901367188
"20/09/2023, 10:35:15.005321",https://www.studiesinaustralia.com/courses-in-australia/catholic-institute-of-sydney/campuses,200,64 KB,Save campus url,0 sec,"20/09/2023, 10:35:16.725006",1.7196850776672363
"20/09/2023, 10:35:15.287640",https://www.studiesinaustralia.com/courses-in-australia/charles-darwin-university-cdu/campuses,200,72 KB,Save campus url,0 sec,"20/09/2023, 10:35:16.857555",1.5689091682434082
"20/09/2023, 10:35:15.210193",https://www.studiesinaustralia.com/courses-in-australia/central-regional-tafe-tafe-wa/campuses,200,67 KB,Save campus url,0 sec,"20/09/2023, 10:35:17.017703",1.807509183883667
"20/09/2023, 10:35:15.234466",https://www.studiesinaustralia.com/courses-in-australia/centre-of-excellence-the/campuses,200,65 KB,Save campus url,0 sec,"20/09/2023, 10:35:17.122406",1.8879401683807373
"20/09/2023, 10:35:16.753818",https://www.studiesinaustralia.com/courses-in-australia/charles-sturt-university/campuses,200,70 KB,Save campus url,0 sec,"20/09/2023, 10:35:17.840996",1.0871782302856445
"20/09/2023, 10:35:16.871713",https://www.studiesinaustralia.com/courses-in-australia/charlton-brown/campuses,200,64 KB,Save campus url,0 sec,"20/09/2023, 10:35:18.057014",1.1853010654449463
"20/09/2023, 10:35:17.028307",https://www.studiesinaustralia.com/courses-in-australia/chisholm-institute-tafe-vic/campuses,200,67 KB,Save campus url,0 sec,"20/09/2023, 10:35:18.096424",1.0681164264678955
"20/09/2023, 10:35:16.747662",https://www.studiesinaustralia.com/courses-in-australia/charles-institute-of-technology/campuses,200,64 KB,Save campus url,0 sec,"20/09/2023, 10:35:18.203212",1.4555506706237793
"20/09/2023, 10:35:17.131403",https://www.studiesinaustralia.com/courses-in-australia/christ-college/campuses,200,64 KB,Save campus url,0 sec,"20/09/2023, 10:35:18.453652",1.3222486972808838
"20/09/2023, 10:35:17.860196",https://www.studiesinaustralia.com/courses-in-australia/christian-heritage-college/campuses,200,65 KB,Save campus url,0 sec,"20/09/2023, 10:35:19.048159",1.1871058940887451
"20/09/2023, 10:35:18.069272",https://www.studiesinaustralia.com/courses-in-australia/clarendon-business-college-pty-ltd/campuses,200,64 KB,Save campus url,0 sec,"20/09/2023, 10:35:19.842650",1.7733778953552246
"20/09/2023, 10:35:18.103410",https://www.studiesinaustralia.com/courses-in-australia/college-of-complementary-medicine/campuses,200,66 KB,Save campus url,0 sec,"20/09/2023, 10:35:19.871250",1.7678403854370117
"20/09/2023, 10:35:18.213369",https://www.studiesinaustralia.com/courses-in-australia/college-of-law-the/campuses,200,66 KB,Save campus url,0 sec,"20/09/2023, 10:35:20.316936",2.1035666465759277
"20/09/2023, 10:35:18.465680",https://www.studiesinaustralia.com/courses-in-australia/cquniversity-australia/campuses,200,70 KB,Save campus url,0 sec,"20/09/2023, 10:35:20.352306",1.8866260051727295
"20/09/2023, 10:35:19.058337",https://www.studiesinaustralia.com/courses-in-australia/crown-college/campuses,200,64 KB,Save campus url,0 sec,"20/09/2023, 10:35:20.517694",1.459357738494873
"20/09/2023, 10:35:19.878554",https://www.studiesinaustralia.com/courses-in-australia/dance-factory/campuses,200,64 KB,Save campus url,0 sec,"20/09/2023, 10:35:21.274602",1.3960483074188232
"20/09/2023, 10:35:19.861566",https://www.studiesinaustralia.com/courses-in-australia/curtin-university/campuses,200,69 KB,Save campus url,0 sec,"20/09/2023, 10:35:21.744407",1.882840633392334
"20/09/2023, 10:35:20.359319",https://www.studiesinaustralia.com/courses-in-australia/dna-kingston-training/campuses,200,66 KB,Save campus url,0 sec,"20/09/2023, 10:35:21.889889",1.5305707454681396
"20/09/2023, 10:35:20.328968",https://www.studiesinaustralia.com/courses-in-australia/deakin-university/campuses,200,66 KB,Save campus url,0 sec,"20/09/2023, 10:35:22.050090",1.7211215496063232
"20/09/2023, 10:35:20.746822",https://www.studiesinaustralia.com/courses-in-australia/eastern-college-australia-incorporated/campuses,200,65 KB,Save campus url,0 sec,"20/09/2023, 10:35:22.465012",1.7181906700134277
"20/09/2023, 10:35:20.550717",https://www.studiesinaustralia.com/courses-in-australia/ducere-global-business-school/campuses,200,64 KB,Save campus url,0 sec,"20/09/2023, 10:35:22.542770",1.9920525550842285
"20/09/2023, 10:35:21.284461",https://www.studiesinaustralia.com/courses-in-australia/edith-cowan-university-ecu/campuses,200,66 KB,Save campus url,0 sec,"20/09/2023, 10:35:22.861316",1.5768554210662842
"20/09/2023, 10:35:21.755731",https://www.studiesinaustralia.com/courses-in-australia/education-training-employment-australia-pty-ltd/campuses,200,66 KB,Save campus url,0 sec,"20/09/2023, 10:35:23.277495",1.5217640399932861
"20/09/2023, 10:35:21.907465",https://www.studiesinaustralia.com/courses-in-australia/eim-training/campuses,200,65 KB,Save campus url,0 sec,"20/09/2023, 10:35:23.416489",1.509023904800415
"20/09/2023, 10:35:22.069677",https://www.studiesinaustralia.com/courses-in-australia/einstein-college-of-australia/campuses,200,64 KB,Save campus url,0 sec,"20/09/2023, 10:35:23.596287",1.5266101360321045
"20/09/2023, 10:35:22.478508",https://www.studiesinaustralia.com/courses-in-australia/elite-education-institute/campuses,200,65 KB,Save campus url,0 sec,"20/09/2023, 10:35:23.940463",1.4619550704956055
"20/09/2023, 10:35:22.550739",https://www.studiesinaustralia.com/courses-in-australia/ella-bache-college-of-skin-beauty-therapy/campuses,200,64 KB,Save campus url,0 sec,"20/09/2023, 10:35:24.848912",2.298173666000366
"20/09/2023, 10:35:22.874408",https://www.studiesinaustralia.com/courses-in-australia/elly-lukas-beauty-therapy-college/campuses,200,64 KB,Save campus url,0 sec,"20/09/2023, 10:35:24.995043",2.1206347942352295
"20/09/2023, 10:35:23.288187",https://www.studiesinaustralia.com/courses-in-australia/embracia-education-development-pty-ltd/campuses,200,65 KB,Save campus url,0 sec,"20/09/2023, 10:35:25.348544",2.060356378555298
"20/09/2023, 10:35:23.425926",https://www.studiesinaustralia.com/courses-in-australia/emmaus-bible-college/campuses,200,64 KB,Save campus url,0 sec,"20/09/2023, 10:35:25.436452",2.010526180267334
"20/09/2023, 10:35:23.620212",https://www.studiesinaustralia.com/courses-in-australia/empyrean-education-institute/campuses,200,64 KB,Save campus url,0 sec,"20/09/2023, 10:35:25.623334",2.003122329711914
"20/09/2023, 10:35:23.950726",https://www.studiesinaustralia.com/courses-in-australia/endeavour-college-of-natural-health/campuses,200,67 KB,Save campus url,0 sec,"20/09/2023, 10:35:26.341029",2.3903026580810547
"20/09/2023, 10:35:24.859134",https://www.studiesinaustralia.com/courses-in-australia/engineering-institute-of-technology/campuses,200,65 KB,Save campus url,0 sec,"20/09/2023, 10:35:26.344309",1.4851746559143066
"20/09/2023, 10:35:25.369343",https://www.studiesinaustralia.com/courses-in-australia/envirotech-education/campuses,200,64 KB,Save campus url,0 sec,"20/09/2023, 10:35:27.016781",1.647437572479248
"20/09/2023, 10:35:25.028321",https://www.studiesinaustralia.com/courses-in-australia/english-in-paradise/campuses,200,64 KB,Save campus url,0 sec,"20/09/2023, 10:35:27.206096",2.1777751445770264
"20/09/2023, 10:35:25.642759",https://www.studiesinaustralia.com/courses-in-australia/eva-burrows-college-vocational-training/campuses,200,65 KB,Save campus url,0 sec,"20/09/2023, 10:35:27.363513",1.7207543849945068
"20/09/2023, 10:35:25.455830",https://www.studiesinaustralia.com/courses-in-australia/equals-international-aust-pty-ltd/campuses,200,64 KB,Save campus url,0 sec,"20/09/2023, 10:35:27.420280",1.9644498825073242
"20/09/2023, 10:35:26.373383",https://www.studiesinaustralia.com/courses-in-australia/everthought-education-perth/campuses,200,64 KB,Save campus url,0 sec,"20/09/2023, 10:35:27.831048",1.457665205001831
"20/09/2023, 10:35:26.367235",https://www.studiesinaustralia.com/courses-in-australia/everest-institute/campuses,200,65 KB,Save campus url,0 sec,"20/09/2023, 10:35:27.868266",1.501030445098877
"20/09/2023, 10:35:27.025664",https://www.studiesinaustralia.com/courses-in-australia/excelsia-college/campuses,200,64 KB,Save campus url,0 sec,"20/09/2023, 10:35:28.842859",1.818248987197876
"20/09/2023, 10:35:27.213785",https://www.studiesinaustralia.com/courses-in-australia/federation-tafe/campuses,200,64 KB,Save campus url,0 sec,"20/09/2023, 10:35:29.099010",1.8852248191833496
"20/09/2023, 10:35:27.428078",https://www.studiesinaustralia.com/courses-in-australia/flight-training-adelaide-pty-ltd/campuses,200,64 KB,Save campus url,0 sec,"20/09/2023, 10:35:29.624764",2.196686029434204
"20/09/2023, 10:35:27.374203",https://www.studiesinaustralia.com/courses-in-australia/federation-university-australia/campuses,200,77 KB,Save campus url,0 sec,"20/09/2023, 10:35:29.982259",2.6080567836761475
"20/09/2023, 10:35:27.840906",https://www.studiesinaustralia.com/courses-in-australia/flinders-university/campuses,200,67 KB,Save campus url,0 sec,"20/09/2023, 10:35:30.073129",2.23222279548645
"20/09/2023, 10:35:27.875224",https://www.studiesinaustralia.com/courses-in-australia/fox-education-and-consultancy/campuses,200,64 KB,Save campus url,0 sec,"20/09/2023, 10:35:30.237453",2.362229347229004
"20/09/2023, 10:35:28.865307",https://www.studiesinaustralia.com/courses-in-australia/global-business-college-of-australia/campuses,200,65 KB,Save campus url,0 sec,"20/09/2023, 10:35:30.660527",1.7952210903167725
"20/09/2023, 10:35:29.109138",https://www.studiesinaustralia.com/courses-in-australia/gold-coast-learning-centre/campuses,200,64 KB,Save campus url,0 sec,"20/09/2023, 10:35:30.824598",1.7154603004455566
"20/09/2023, 10:35:29.634630",https://www.studiesinaustralia.com/courses-in-australia/gotafe/campuses,200,69 KB,Save campus url,0 sec,"20/09/2023, 10:35:31.198387",1.5637567043304443
"20/09/2023, 10:35:29.993558",https://www.studiesinaustralia.com/courses-in-australia/greenwich-college/campuses,200,64 KB,Save campus url,0 sec,"20/09/2023, 10:35:31.761344",1.7677857875823975
"20/09/2023, 10:35:30.677912",https://www.studiesinaustralia.com/courses-in-australia/harvest-bible-college-ltd/campuses,200,65 KB,Save campus url,0 sec,"20/09/2023, 10:35:32.323659",1.6457469463348389
"20/09/2023, 10:35:30.270871",https://www.studiesinaustralia.com/courses-in-australia/hartwig-air-and-bruce-hartwig-flying-school/campuses,200,64 KB,Save campus url,0 sec,"20/09/2023, 10:35:32.323659",2.052788019180298
"20/09/2023, 10:35:30.080254",https://www.studiesinaustralia.com/courses-in-australia/griffith-university/campuses,200,66 KB,Save campus url,0 sec,"20/09/2023, 10:35:32.325658",2.2454042434692383
"20/09/2023, 10:35:31.207220",https://www.studiesinaustralia.com/courses-in-australia/hibernia-institute-sydney/campuses,200,64 KB,Save campus url,0 sec,"20/09/2023, 10:35:32.584456",1.3772356510162354
"20/09/2023, 10:35:30.867381",https://www.studiesinaustralia.com/courses-in-australia/health-careers-international/campuses,200,65 KB,Save campus url,0 sec,"20/09/2023, 10:35:32.914318",2.0469369888305664
"20/09/2023, 10:35:31.770728",https://www.studiesinaustralia.com/courses-in-australia/higher-education-leadership-institute-heli/campuses,200,65 KB,Save campus url,0 sec,"20/09/2023, 10:35:33.691056",1.920328140258789
"20/09/2023, 10:35:32.337545",https://www.studiesinaustralia.com/courses-in-australia/holmesglen-institute/campuses,200,67 KB,Save campus url,0 sec,"20/09/2023, 10:35:34.029518",1.6919736862182617
"20/09/2023, 10:35:32.338516",https://www.studiesinaustralia.com/courses-in-australia/holmes-institute-pty-ltd/campuses,200,66 KB,Save campus url,0 sec,"20/09/2023, 10:35:34.058495",1.7199792861938477
"20/09/2023, 10:35:32.335517",https://www.studiesinaustralia.com/courses-in-australia/holmes-commercial-colleges-melbourne-ltd/campuses,200,64 KB,Save campus url,0 sec,"20/09/2023, 10:35:34.062994",1.7264683246612549
"20/09/2023, 10:35:32.594560",https://www.studiesinaustralia.com/courses-in-australia/ies-college/campuses,200,64 KB,Save campus url,0 sec,"20/09/2023, 10:35:34.847749",2.2541868686676025
"20/09/2023, 10:35:32.928863",https://www.studiesinaustralia.com/courses-in-australia/imagine-education-australia/campuses,200,65 KB,Save campus url,0 sec,"20/09/2023, 10:35:34.966690",2.037827253341675
"20/09/2023, 10:35:33.702420",https://www.studiesinaustralia.com/courses-in-australia/institute-of-health-and-nursing-australia-ihna/campuses,200,66 KB,Save campus url,0 sec,"20/09/2023, 10:35:35.276099",1.5736784934997559
"20/09/2023, 10:35:34.070497",https://www.studiesinaustralia.com/courses-in-australia/institute-of-training-and-further-education/campuses,200,65 KB,Save campus url,0 sec,"20/09/2023, 10:35:35.768896",1.699399471282959
"20/09/2023, 10:35:34.065991",https://www.studiesinaustralia.com/courses-in-australia/institute-of-tertiary-and-higher-education-australia/campuses,200,65 KB,Save campus url,0 sec,"20/09/2023, 10:35:36.067035",2.0010435581207275
"20/09/2023, 10:35:34.048462",https://www.studiesinaustralia.com/courses-in-australia/institute-of-health-management/campuses,200,62 KB,Save campus url,0 sec,"20/09/2023, 10:35:36.081561",2.0330986976623535
"20/09/2023, 10:35:34.975198",https://www.studiesinaustralia.com/courses-in-australia/international-college-of-advanced-education-pty-ltd/campuses,200,64 KB,Save campus url,0 sec,"20/09/2023, 10:35:36.726800",1.7516026496887207
"20/09/2023, 10:35:34.859886",https://www.studiesinaustralia.com/courses-in-australia/in-tech-institute-of-technology/campuses,200,64 KB,Save campus url,0 sec,"20/09/2023, 10:35:37.040796",2.180910587310791
"20/09/2023, 10:35:35.288166",https://www.studiesinaustralia.com/courses-in-australia/international-college-of-hotel-management-ichm/campuses,200,65 KB,Save campus url,0 sec,"20/09/2023, 10:35:37.208403",1.9202368259429932
"20/09/2023, 10:35:35.778928",https://www.studiesinaustralia.com/courses-in-australia/international-college-of-management-sydney/campuses,200,66 KB,Save campus url,0 sec,"20/09/2023, 10:35:38.528984",2.7500555515289307
"20/09/2023, 10:35:36.075519",https://www.studiesinaustralia.com/courses-in-australia/international-college-of-victoria/campuses,200,64 KB,Save campus url,0 sec,"20/09/2023, 10:35:38.816971",2.74249267578125
"20/09/2023, 10:35:36.089386",https://www.studiesinaustralia.com/courses-in-australia/international-house-sydney/campuses,200,64 KB,Save campus url,0 sec,"20/09/2023, 10:35:38.886832",2.7974464893341064
"20/09/2023, 10:35:36.737086",https://www.studiesinaustralia.com/courses-in-australia/international-institute-of-business-and-technology/campuses,200,65 KB,Save campus url,0 sec,"20/09/2023, 10:35:39.197053",2.459965944290161
"20/09/2023, 10:35:37.062756",https://www.studiesinaustralia.com/courses-in-australia/international-institute-of-planning-management/campuses,200,64 KB,Save campus url,0 sec,"20/09/2023, 10:35:39.564833",2.5020761489868164
"20/09/2023, 10:35:37.221063",https://www.studiesinaustralia.com/courses-in-australia/james-cook-university-jcu/campuses,200,68 KB,Save campus url,0 sec,"20/09/2023, 10:35:39.907122",2.6860592365264893
"20/09/2023, 10:35:38.893824",https://www.studiesinaustralia.com/courses-in-australia/job-training-institute-pty-ltd/campuses,200,64 KB,Save campus url,0 sec,"20/09/2023, 10:35:40.896563",2.0029683113098145
"20/09/2023, 10:35:39.211687",https://www.studiesinaustralia.com/courses-in-australia/john-paul-ii-institute-for-marriage-and-family-melbourne/campuses,200,65 KB,Save campus url,0 sec,"20/09/2023, 10:35:40.926674",1.7149877548217773
"20/09/2023, 10:35:38.548650",https://www.studiesinaustralia.com/courses-in-australia/jandakot-flight-centre/campuses,200,60 KB,Save campus url,0 sec,"20/09/2023, 10:35:40.982813",2.4341628551483154
"20/09/2023, 10:35:38.827995",https://www.studiesinaustralia.com/courses-in-australia/jmc-academy/campuses,200,65 KB,Save campus url,0 sec,"20/09/2023, 10:35:41.137061",2.3090660572052
"20/09/2023, 10:35:39.577361",https://www.studiesinaustralia.com/courses-in-australia/kangan-institute-tafe-vic/campuses,200,66 KB,Save campus url,0 sec,"20/09/2023, 10:35:41.509102",1.9317409992218018
"20/09/2023, 10:35:39.918288",https://www.studiesinaustralia.com/courses-in-australia/kaplan-business-school/campuses,200,66 KB,Save campus url,0 sec,"20/09/2023, 10:35:41.696321",1.7780327796936035
"20/09/2023, 10:35:40.991785",https://www.studiesinaustralia.com/courses-in-australia/kings-own-institute/campuses,200,65 KB,Save campus url,0 sec,"20/09/2023, 10:35:42.979636",1.9878511428833008
"20/09/2023, 10:35:40.941159",https://www.studiesinaustralia.com/courses-in-australia/kenvale-college/campuses,200,64 KB,Save campus url,0 sec,"20/09/2023, 10:35:43.078260",2.1371009349823
"20/09/2023, 10:35:41.714688",https://www.studiesinaustralia.com/courses-in-australia/la-trobe-university/campuses,200,73 KB,Save campus url,0 sec,"20/09/2023, 10:35:43.344118",1.6294302940368652
"20/09/2023, 10:35:41.144289",https://www.studiesinaustralia.com/courses-in-australia/la-trobe-college-australia/campuses,200,68 KB,Save campus url,0 sec,"20/09/2023, 10:35:43.352351",2.208062171936035
"20/09/2023, 10:35:40.908097",https://www.studiesinaustralia.com/courses-in-australia/kent-institute-australia/campuses,200,65 KB,Save campus url,0 sec,"20/09/2023, 10:35:43.554346",2.6462488174438477
"20/09/2023, 10:35:41.528691",https://www.studiesinaustralia.com/courses-in-australia/latrobe-college-of-art-and-design/campuses,200,64 KB,Save campus url,0 sec,"20/09/2023, 10:35:43.590078",2.061386823654175
"20/09/2023, 10:35:42.990061",https://www.studiesinaustralia.com/courses-in-australia/lci-melbourne/campuses,200,64 KB,Save campus url,0 sec,"20/09/2023, 10:35:43.742276",0.7511751651763916
"20/09/2023, 10:35:43.364396",https://www.studiesinaustralia.com/courses-in-australia/lennox-college/campuses,200,64 KB,Save campus url,0 sec,"20/09/2023, 10:35:45.290298",1.9259018898010254
"20/09/2023, 10:35:43.365396",https://www.studiesinaustralia.com/courses-in-australia/leo-cussen-centre-for-law/campuses,200,64 KB,Save campus url,0 sec,"20/09/2023, 10:35:45.434713",2.0693163871765137
"20/09/2023, 10:35:43.563612",https://www.studiesinaustralia.com/courses-in-australia/lexis-english-perth/campuses,200,64 KB,Save campus url,0 sec,"20/09/2023, 10:35:45.709975",2.1463634967803955
"20/09/2023, 10:35:43.778967",https://www.studiesinaustralia.com/courses-in-australia/lifetime-international-training-college/campuses,200,65 KB,Save campus url,0 sec,"20/09/2023, 10:35:46.193095",2.414127826690674
"20/09/2023, 10:35:43.599267",https://www.studiesinaustralia.com/courses-in-australia/liberty-design-college/campuses,200,64 KB,Save campus url,0 sec,"20/09/2023, 10:35:46.516758",2.917490243911743
"20/09/2023, 10:35:43.086407",https://www.studiesinaustralia.com/courses-in-australia/le-cordon-bleu-australia-pty-ltd/campuses,200,66 KB,Save campus url,0 sec,"20/09/2023, 10:35:47.076303",3.9898970127105713
"20/09/2023, 10:35:45.303688",https://www.studiesinaustralia.com/courses-in-australia/lonsdale-institute-pty-ltd/campuses,200,64 KB,Save campus url,0 sec,"20/09/2023, 10:35:47.694399",2.3907108306884766
"20/09/2023, 10:35:45.442404",https://www.studiesinaustralia.com/courses-in-australia/lp-communications/campuses,200,64 KB,Save campus url,0 sec,"20/09/2023, 10:35:48.150143",2.7077391147613525
"20/09/2023, 10:35:46.211755",https://www.studiesinaustralia.com/courses-in-australia/lyons-college/campuses,200,64 KB,Save campus url,0 sec,"20/09/2023, 10:35:48.574263",2.3625080585479736
"20/09/2023, 10:35:46.524916",https://www.studiesinaustralia.com/courses-in-australia/macleay-college/campuses,200,65 KB,Save campus url,0 sec,"20/09/2023, 10:35:48.678306",2.153390407562256
"20/09/2023, 10:35:45.720823",https://www.studiesinaustralia.com/courses-in-australia/lyceum-education-centre-pty-ltd/campuses,200,64 KB,Save campus url,0 sec,"20/09/2023, 10:35:48.866300",3.1454761028289795
"20/09/2023, 10:35:47.703818",https://www.studiesinaustralia.com/courses-in-australia/malyon-college-queensland-baptist-college-of-ministries/campuses,200,65 KB,Save campus url,0 sec,"20/09/2023, 10:35:49.595066",1.8912479877471924
"20/09/2023, 10:35:47.086753",https://www.studiesinaustralia.com/courses-in-australia/macquarie-university/campuses,200,65 KB,Save campus url,0 sec,"20/09/2023, 10:35:49.739629",2.6528754234313965
"20/09/2023, 10:35:48.164502",https://www.studiesinaustralia.com/courses-in-australia/management-edge-pty-ltd-the/campuses,200,65 KB,Save campus url,0 sec,"20/09/2023, 10:35:49.833859",1.6693570613861084
"20/09/2023, 10:35:48.697956",https://www.studiesinaustralia.com/courses-in-australia/martin-higher-education/campuses,200,65 KB,Save campus url,0 sec,"20/09/2023, 10:35:50.250144",1.5521881580352783
"20/09/2023, 10:35:48.586381",https://www.studiesinaustralia.com/courses-in-australia/marcus-oldham-college/campuses,200,64 KB,Save campus url,0 sec,"20/09/2023, 10:35:50.507024",1.920642375946045
"20/09/2023, 10:35:48.881695",https://www.studiesinaustralia.com/courses-in-australia/massage-schools-of-queensland/campuses,200,64 KB,Save campus url,0 sec,"20/09/2023, 10:35:51.748012",2.866316318511963
"20/09/2023, 10:35:49.608199",https://www.studiesinaustralia.com/courses-in-australia/matters-in-gray/campuses,200,64 KB,Save campus url,0 sec,"20/09/2023, 10:35:52.041166",2.4329662322998047
"20/09/2023, 10:35:49.772004",https://www.studiesinaustralia.com/courses-in-australia/max-therapy-institute/campuses,200,64 KB,Save campus url,0 sec,"20/09/2023, 10:35:52.399934",2.627929925918579
"20/09/2023, 10:35:49.840019",https://www.studiesinaustralia.com/courses-in-australia/media-make-up-academy/campuses,200,64 KB,Save campus url,0 sec,"20/09/2023, 10:35:52.445063",2.60504412651062
"20/09/2023, 10:35:50.518966",https://www.studiesinaustralia.com/courses-in-australia/melbourne-city-institute-of-education/campuses,200,65 KB,Save campus url,0 sec,"20/09/2023, 10:35:52.460576",1.941610336303711
"20/09/2023, 10:35:50.259265",https://www.studiesinaustralia.com/courses-in-australia/melbourne-city-college-australia/campuses,200,65 KB,Save campus url,0 sec,"20/09/2023, 10:35:52.462443",2.203178644180298
"20/09/2023, 10:35:51.758884",https://www.studiesinaustralia.com/courses-in-australia/melbourne-college-of-further-education/campuses,200,66 KB,Save campus url,0 sec,"20/09/2023, 10:35:52.744992",0.9861078262329102
"20/09/2023, 10:35:52.472982",https://www.studiesinaustralia.com/courses-in-australia/milcom-institute/campuses,200,65 KB,Save campus url,0 sec,"20/09/2023, 10:35:53.881545",1.4085631370544434
"20/09/2023, 10:35:52.754106",https://www.studiesinaustralia.com/courses-in-australia/monash-college/campuses,200,65 KB,Save campus url,0 sec,"20/09/2023, 10:35:53.985400",1.2312943935394287
"20/09/2023, 10:35:52.053036",https://www.studiesinaustralia.com/courses-in-australia/melbourne-college-of-hair-and-beauty/campuses,200,64 KB,Save campus url,0 sec,"20/09/2023, 10:35:54.563514",2.510477304458618
"20/09/2023, 10:35:52.412441",https://www.studiesinaustralia.com/courses-in-australia/melbourne-institute-of-technology-mit/campuses,200,65 KB,Save campus url,0 sec,"20/09/2023, 10:35:55.127246",2.715801239013672
"20/09/2023, 10:35:52.476009",https://www.studiesinaustralia.com/courses-in-australia/milner-international-college-of-english-wa-pty-ltd/campuses,200,64 KB,Save campus url,0 sec,"20/09/2023, 10:35:55.296552",2.820543050765991
"20/09/2023, 10:35:52.455358",https://www.studiesinaustralia.com/courses-in-australia/melbourne-polytechnic/campuses,200,67 KB,Save campus url,0 sec,"20/09/2023, 10:35:55.836995",3.381636619567871
"20/09/2023, 10:35:53.893501",https://www.studiesinaustralia.com/courses-in-australia/monash-university/campuses,200,72 KB,Save campus url,0 sec,"20/09/2023, 10:35:55.848961",1.955460548400879
"20/09/2023, 10:35:53.995444",https://www.studiesinaustralia.com/courses-in-australia/moorabbin-flying-services/campuses,200,64 KB,Save campus url,0 sec,"20/09/2023, 10:35:55.852962",1.857517957687378
"20/09/2023, 10:35:54.574934",https://www.studiesinaustralia.com/courses-in-australia/moore-theological-college/campuses,200,64 KB,Save campus url,0 sec,"20/09/2023, 10:35:56.028019",1.4530854225158691
"20/09/2023, 10:35:55.147606",https://www.studiesinaustralia.com/courses-in-australia/mta-institute/campuses,200,64 KB,Save campus url,0 sec,"20/09/2023, 10:35:56.710599",1.5629925727844238
"20/09/2023, 10:35:55.309589",https://www.studiesinaustralia.com/courses-in-australia/murdoch-institute-of-technology/campuses,200,65 KB,Save campus url,0 sec,"20/09/2023, 10:35:56.806945",1.49735689163208
"20/09/2023, 10:35:55.848961",https://www.studiesinaustralia.com/courses-in-australia/murdoch-university/campuses,200,66 KB,Save campus url,0 sec,"20/09/2023, 10:35:57.472930",1.6239690780639648
"20/09/2023, 10:35:55.863104",https://www.studiesinaustralia.com/courses-in-australia/national-academy-of-hair-beauty/campuses,200,64 KB,Save campus url,0 sec,"20/09/2023, 10:35:57.475024",1.6119201183319092
"20/09/2023, 10:35:55.858960",https://www.studiesinaustralia.com/courses-in-australia/nan-tien-institute/campuses,200,64 KB,Save campus url,0 sec,"20/09/2023, 10:35:57.575131",1.7161710262298584
"20/09/2023, 10:35:56.055473",https://www.studiesinaustralia.com/courses-in-australia/national-art-school/campuses,200,64 KB,Save campus url,0 sec,"20/09/2023, 10:35:57.726886",1.6714122295379639
"20/09/2023, 10:35:56.722282",https://www.studiesinaustralia.com/courses-in-australia/national-college-of-vocational-education/campuses,200,66 KB,Save campus url,0 sec,"20/09/2023, 10:35:58.200603",1.4773235321044922
"20/09/2023, 10:35:56.813919",https://www.studiesinaustralia.com/courses-in-australia/national-institute-of-dramatic-art-nida/campuses,200,65 KB,Save campus url,0 sec,"20/09/2023, 10:35:58.392280",1.5783603191375732
"20/09/2023, 10:35:57.484902",https://www.studiesinaustralia.com/courses-in-australia/national-institute-of-education-and-technology/campuses,200,65 KB,Save campus url,0 sec,"20/09/2023, 10:35:58.639011",1.154109001159668
"20/09/2023, 10:35:57.583699",https://www.studiesinaustralia.com/courses-in-australia/national-training-centre-of-australia/campuses,200,64 KB,Save campus url,0 sec,"20/09/2023, 10:35:59.193136",1.6094372272491455
"20/09/2023, 10:35:57.487903",https://www.studiesinaustralia.com/courses-in-australia/national-theatre/campuses,200,64 KB,Save campus url,0 sec,"20/09/2023, 10:35:59.452835",1.9649319648742676
"20/09/2023, 10:35:57.740222",https://www.studiesinaustralia.com/courses-in-australia/national-training-solutions-provider-pty-ltd-ta-it-futures/campuses,200,64 KB,Save campus url,0 sec,"20/09/2023, 10:35:59.564296",1.8240737915039062
"20/09/2023, 10:35:58.411634",https://www.studiesinaustralia.com/courses-in-australia/new-england-institute-of-technology-pty-ltd/campuses,200,64 KB,Save campus url,0 sec,"20/09/2023, 10:36:00.148325",1.7366914749145508
"20/09/2023, 10:35:58.211752",https://www.studiesinaustralia.com/courses-in-australia/navitas-english/campuses,200,71 KB,Save campus url,0 sec,"20/09/2023, 10:36:00.343114",2.131361722946167
"20/09/2023, 10:35:58.650624",https://www.studiesinaustralia.com/courses-in-australia/new-york-film-academy-australia-pty-ltd/campuses,200,64 KB,Save campus url,0 sec,"20/09/2023, 10:36:00.391439",1.7408154010772705
"20/09/2023, 10:35:59.209509",https://www.studiesinaustralia.com/courses-in-australia/niche-education-group-pty-ltd/campuses,200,64 KB,Save campus url,0 sec,"20/09/2023, 10:36:00.743835",1.5343260765075684
"20/09/2023, 10:35:59.572492",https://www.studiesinaustralia.com/courses-in-australia/north-metropolitan-tafe/campuses,200,68 KB,Save campus url,0 sec,"20/09/2023, 10:36:01.071422",1.4999308586120605
"20/09/2023, 10:35:59.461389",https://www.studiesinaustralia.com/courses-in-australia/northern-college-of-the-arts-and-technology/campuses,200,64 KB,Save campus url,0 sec,"20/09/2023, 10:36:01.376480",1.9150919914245605
"20/09/2023, 10:36:00.156115",https://www.studiesinaustralia.com/courses-in-australia/north-regional-tafe-tafe-wa/campuses,200,67 KB,Save campus url,0 sec,"20/09/2023, 10:36:02.384572",2.228456735610962
"20/09/2023, 10:36:00.401524",https://www.studiesinaustralia.com/courses-in-australia/oceania-polytechnic-institute-of-education/campuses,200,64 KB,Save campus url,0 sec,"20/09/2023, 10:36:02.486990",2.085465908050537
"20/09/2023, 10:36:00.352457",https://www.studiesinaustralia.com/courses-in-australia/nova-institute-of-technology/campuses,200,64 KB,Save campus url,0 sec,"20/09/2023, 10:36:02.672635",2.3201780319213867
"20/09/2023, 10:36:00.756212",https://www.studiesinaustralia.com/courses-in-australia/orana-fashion-business-college/campuses,200,64 KB,Save campus url,0 sec,"20/09/2023, 10:36:03.404187",2.647975206375122
"20/09/2023, 10:36:01.084355",https://www.studiesinaustralia.com/courses-in-australia/orange-international-college-pty-ltd/campuses,200,65 KB,Save campus url,0 sec,"20/09/2023, 10:36:03.665212",2.5808563232421875
"20/09/2023, 10:36:01.386812",https://www.studiesinaustralia.com/courses-in-australia/outsource-institute-aus/campuses,200,66 KB,Save campus url,0 sec,"20/09/2023, 10:36:03.918013",2.5311999320983887
"20/09/2023, 10:36:02.405025",https://www.studiesinaustralia.com/courses-in-australia/ozford-institute-of-higher-education/campuses,200,61 KB,Save campus url,0 sec,"20/09/2023, 10:36:04.529338",2.1243131160736084
"20/09/2023, 10:36:02.496393",https://www.studiesinaustralia.com/courses-in-australia/pacific-college-pty-ltd/campuses,200,64 KB,Save campus url,0 sec,"20/09/2023, 10:36:04.539653",2.043260097503662
"20/09/2023, 10:36:02.681802",https://www.studiesinaustralia.com/courses-in-australia/perth-bible-college/campuses,200,64 KB,Save campus url,0 sec,"20/09/2023, 10:36:04.799856",2.118053436279297
"20/09/2023, 10:36:03.426801",https://www.studiesinaustralia.com/courses-in-australia/perth-college-of-beauty-therapy/campuses,200,64 KB,Save campus url,0 sec,"20/09/2023, 10:36:05.565535",2.1387338638305664
"20/09/2023, 10:36:03.928966",https://www.studiesinaustralia.com/courses-in-australia/perth-international-college-of-english/campuses,200,64 KB,Save campus url,0 sec,"20/09/2023, 10:36:05.962806",2.033839702606201
"20/09/2023, 10:36:03.674848",https://www.studiesinaustralia.com/courses-in-australia/perth-college-of-business-and-technology/campuses,200,65 KB,Save campus url,0 sec,"20/09/2023, 10:36:06.081919",2.4070706367492676
"20/09/2023, 10:36:04.553872",https://www.studiesinaustralia.com/courses-in-australia/platinum-institute-australia/campuses,200,65 KB,Save campus url,0 sec,"20/09/2023, 10:36:06.474844",1.9209723472595215
"20/09/2023, 10:36:04.551876",https://www.studiesinaustralia.com/courses-in-australia/photography-studies-college-melbourne/campuses,200,65 KB,Save campus url,0 sec,"20/09/2023, 10:36:06.591834",2.0399584770202637
"20/09/2023, 10:36:04.817300",https://www.studiesinaustralia.com/courses-in-australia/qiba-pty-ltd/campuses,200,65 KB,Save campus url,0 sec,"20/09/2023, 10:36:06.913245",2.09594464302063
"20/09/2023, 10:36:05.578888",https://www.studiesinaustralia.com/courses-in-australia/quality-college-of-australia/campuses,200,65 KB,Save campus url,0 sec,"20/09/2023, 10:36:07.043200",1.4643120765686035
"20/09/2023, 10:36:05.977452",https://www.studiesinaustralia.com/courses-in-australia/queens-college/campuses,200,64 KB,Save campus url,0 sec,"20/09/2023, 10:36:07.616991",1.6395387649536133
"20/09/2023, 10:36:06.092720",https://www.studiesinaustralia.com/courses-in-australia/queensford-college/campuses,200,64 KB,Save campus url,0 sec,"20/09/2023, 10:36:07.806381",1.7136611938476562
"20/09/2023, 10:36:06.601423",https://www.studiesinaustralia.com/courses-in-australia/queensland-hairdressing-academy-the/campuses,200,64 KB,Save campus url,0 sec,"20/09/2023, 10:36:08.835200",2.233776807785034
"20/09/2023, 10:36:07.054206",https://www.studiesinaustralia.com/courses-in-australia/queensland-school-of-beauty-therapy-pty-ltd/campuses,200,64 KB,Save campus url,0 sec,"20/09/2023, 10:36:08.953963",1.8997576236724854
"20/09/2023, 10:36:06.488505",https://www.studiesinaustralia.com/courses-in-australia/queensland-academy-of-technology/campuses,200,64 KB,Save campus url,0 sec,"20/09/2023, 10:36:09.142410",2.653904676437378
"20/09/2023, 10:36:06.927786",https://www.studiesinaustralia.com/courses-in-australia/queensland-international-institute/campuses,200,64 KB,Save campus url,0 sec,"20/09/2023, 10:36:09.552415",2.6246297359466553
"20/09/2023, 10:36:07.630987",https://www.studiesinaustralia.com/courses-in-australia/queensland-university-of-technology-qut/campuses,200,65 KB,Save campus url,0 sec,"20/09/2023, 10:36:09.754593",2.1236064434051514
"20/09/2023, 10:36:07.816895",https://www.studiesinaustralia.com/courses-in-australia/reformed-theological-college/campuses,200,64 KB,Save campus url,0 sec,"20/09/2023, 10:36:10.268618",2.451723575592041
"20/09/2023, 10:36:08.845487",https://www.studiesinaustralia.com/courses-in-australia/rhodes-college/campuses,200,64 KB,Save campus url,0 sec,"20/09/2023, 10:36:10.494754",1.6492667198181152
"20/09/2023, 10:36:08.964418",https://www.studiesinaustralia.com/courses-in-australia/rmit-university/campuses,200,66 KB,Save campus url,0 sec,"20/09/2023, 10:36:10.782273",1.8178558349609375
"20/09/2023, 10:36:09.150839",https://www.studiesinaustralia.com/courses-in-australia/royal-brisbane-institute-of-technology/campuses,200,64 KB,Save campus url,0 sec,"20/09/2023, 10:36:10.967629",1.8167898654937744
"20/09/2023, 10:36:09.573534",https://www.studiesinaustralia.com/courses-in-australia/royal-victorian-aero-club/campuses,200,64 KB,Save campus url,0 sec,"20/09/2023, 10:36:11.087594",1.5140597820281982
"20/09/2023, 10:36:10.278500",https://www.studiesinaustralia.com/courses-in-australia/salford-college/campuses,200,64 KB,Save campus url,0 sec,"20/09/2023, 10:36:11.514528",1.2370269298553467
"20/09/2023, 10:36:09.766241",https://www.studiesinaustralia.com/courses-in-australia/sae-creative-media-institute/campuses,200,67 KB,Save campus url,0 sec,"20/09/2023, 10:36:11.598783",1.8325414657592773
"20/09/2023, 10:36:10.511287",https://www.studiesinaustralia.com/courses-in-australia/sarina-russo-institute/campuses,200,64 KB,Save campus url,0 sec,"20/09/2023, 10:36:11.756512",1.245225191116333
"20/09/2023, 10:36:10.794697",https://www.studiesinaustralia.com/courses-in-australia/sheridan-institute-of-higher-education/campuses,200,65 KB,Save campus url,0 sec,"20/09/2023, 10:36:12.416197",1.62149977684021
"20/09/2023, 10:36:10.990644",https://www.studiesinaustralia.com/courses-in-australia/skilled-up-pty-ltd/campuses,200,64 KB,Save campus url,0 sec,"20/09/2023, 10:36:12.517479",1.5268347263336182
"20/09/2023, 10:36:11.098995",https://www.studiesinaustralia.com/courses-in-australia/southern-cross-education-institute/campuses,200,65 KB,Save campus url,0 sec,"20/09/2023, 10:36:12.527999",1.4290037155151367
"20/09/2023, 10:36:11.606338",https://www.studiesinaustralia.com/courses-in-australia/south-metropolitan-tafe-tafe-wa/campuses,200,69 KB,Save campus url,0 sec,"20/09/2023, 10:36:13.191453",1.5851149559020996
"20/09/2023, 10:36:11.524977",https://www.studiesinaustralia.com/courses-in-australia/southern-cross-university/campuses,200,74 KB,Save campus url,0 sec,"20/09/2023, 10:36:13.238277",1.7122972011566162
"20/09/2023, 10:36:11.792261",https://www.studiesinaustralia.com/courses-in-australia/spencer-college-pty-ltd/campuses,200,64 KB,Save campus url,0 sec,"20/09/2023, 10:36:13.385802",1.593540906906128
"20/09/2023, 10:36:12.428693",https://www.studiesinaustralia.com/courses-in-australia/s-p-jain-school-of-global-management/campuses,200,65 KB,Save campus url,0 sec,"20/09/2023, 10:36:14.011229",1.5835845470428467
"20/09/2023, 10:36:12.535998",https://www.studiesinaustralia.com/courses-in-australia/st-andrews-greek-orthodox-theological-college/campuses,200,65 KB,Save campus url,0 sec,"20/09/2023, 10:36:14.317885",1.7818868160247803
"20/09/2023, 10:36:12.526932",https://www.studiesinaustralia.com/courses-in-australia/stacey-college/campuses,200,64 KB,Save campus url,0 sec,"20/09/2023, 10:36:14.461552",1.9345545768737793
"20/09/2023, 10:36:13.253242",https://www.studiesinaustralia.com/courses-in-australia/sterling-business-college/campuses,200,64 KB,Save campus url,0 sec,"20/09/2023, 10:36:14.721572",1.4683301448822021
"20/09/2023, 10:36:13.212170",https://www.studiesinaustralia.com/courses-in-australia/stanley-college/campuses,200,64 KB,Save campus url,0 sec,"20/09/2023, 10:36:14.774047",1.5618774890899658
"20/09/2023, 10:36:13.405837",https://www.studiesinaustralia.com/courses-in-australia/st-george-sutherland-community-college-inc/campuses,200,65 KB,Save campus url,0 sec,"20/09/2023, 10:36:15.088114",1.682276964187622
"20/09/2023, 10:36:14.024710",https://www.studiesinaustralia.com/courses-in-australia/stirling-institute-of-australia-pty-ltd/campuses,200,69 KB,Save campus url,0 sec,"20/09/2023, 10:36:15.443770",1.4190599918365479
"20/09/2023, 10:36:14.330494",https://www.studiesinaustralia.com/courses-in-australia/sunraysia-institute-of-tafe-sunitafe/campuses,200,65 KB,Save campus url,0 sec,"20/09/2023, 10:36:15.847111",1.5166172981262207
"20/09/2023, 10:36:14.470502",https://www.studiesinaustralia.com/courses-in-australia/supreme-business-college/campuses,200,64 KB,Save campus url,0 sec,"20/09/2023, 10:36:16.630460",2.1599581241607666
"20/09/2023, 10:36:14.785536",https://www.studiesinaustralia.com/courses-in-australia/sydney-business-travel-academy-the/campuses,200,65 KB,Save campus url,0 sec,"20/09/2023, 10:36:16.777936",1.9924001693725586
"20/09/2023, 10:36:14.742707",https://www.studiesinaustralia.com/courses-in-australia/swinburne-university-of-technology/campuses,200,67 KB,Save campus url,0 sec,"20/09/2023, 10:36:16.916305",2.1745975017547607
"20/09/2023, 10:36:15.456644",https://www.studiesinaustralia.com/courses-in-australia/sydney-institute-of-interpreting-translating/campuses,200,65 KB,Save campus url,0 sec,"20/09/2023, 10:36:17.634136",2.177492141723633
"20/09/2023, 10:36:15.097780",https://www.studiesinaustralia.com/courses-in-australia/sydney-college-of-divinity/campuses,200,68 KB,Save campus url,0 sec,"20/09/2023, 10:36:17.805139",2.7073590755462646
"20/09/2023, 10:36:15.858806",https://www.studiesinaustralia.com/courses-in-australia/sydney-institute-of-traditional-chinese-medicine/campuses,200,65 KB,Save campus url,0 sec,"20/09/2023, 10:36:18.410288",2.5514817237854004
"20/09/2023, 10:36:16.640023",https://www.studiesinaustralia.com/courses-in-australia/sydney-missionary-and-bible-college/campuses,200,65 KB,Save campus url,0 sec,"20/09/2023, 10:36:18.565880",1.9258573055267334
"20/09/2023, 10:36:16.925422",https://www.studiesinaustralia.com/courses-in-australia/tafe-international-western-australia/campuses,200,64 KB,Save campus url,0 sec,"20/09/2023, 10:36:18.662672",1.7372500896453857
"20/09/2023, 10:36:16.797765",https://www.studiesinaustralia.com/courses-in-australia/sydney-school-of-business-technology/campuses,200,65 KB,Save campus url,0 sec,"20/09/2023, 10:36:18.772510",1.9747445583343506
"20/09/2023, 10:36:17.837697",https://www.studiesinaustralia.com/courses-in-australia/tafe-queensland-brisbane/campuses,200,67 KB,Save campus url,0 sec,"20/09/2023, 10:36:19.650906",1.8142108917236328
"20/09/2023, 10:36:18.422546",https://www.studiesinaustralia.com/courses-in-australia/tafe-queensland-gold-coast/campuses,200,65 KB,Save campus url,0 sec,"20/09/2023, 10:36:19.801349",1.378803014755249
"20/09/2023, 10:36:17.647172",https://www.studiesinaustralia.com/courses-in-australia/tafe-nsw/campuses,200,122 KB,Save campus url,0 sec,"20/09/2023, 10:36:20.389095",2.741922616958618
"20/09/2023, 10:36:18.605570",https://www.studiesinaustralia.com/courses-in-australia/tafe-south-australia-tafe-sa/campuses,200,81 KB,Save campus url,0 sec,"20/09/2023, 10:36:20.496698",1.8911285400390625
"20/09/2023, 10:36:18.669984",https://www.studiesinaustralia.com/courses-in-australia/tafe-south-australia-tafe-sa-english-language/campuses,200,78 KB,Save campus url,0 sec,"20/09/2023, 10:36:20.504914",1.834930658340454
"20/09/2023, 10:36:18.778455",https://www.studiesinaustralia.com/courses-in-australia/tastafe/campuses,200,70 KB,Save campus url,0 sec,"20/09/2023, 10:36:20.570731",1.791276216506958
"20/09/2023, 10:36:19.661723",https://www.studiesinaustralia.com/courses-in-australia/taylorweir-international-school-of-hairdressing/campuses,200,64 KB,Save campus url,0 sec,"20/09/2023, 10:36:20.896553",1.2348301410675049
"20/09/2023, 10:36:19.822678",https://www.studiesinaustralia.com/courses-in-australia/tec-nq/campuses,200,64 KB,Save campus url,0 sec,"20/09/2023, 10:36:21.075945",1.253267765045166
"20/09/2023, 10:36:20.503884",https://www.studiesinaustralia.com/courses-in-australia/the-hotel-school/campuses,200,64 KB,Save campus url,0 sec,"20/09/2023, 10:36:22.151714",1.6478304862976074
"20/09/2023, 10:36:20.404455",https://www.studiesinaustralia.com/courses-in-australia/the-gordon/campuses,200,67 KB,Save campus url,0 sec,"20/09/2023, 10:36:22.151714",1.7472591400146484
"20/09/2023, 10:36:20.581587",https://www.studiesinaustralia.com/courses-in-australia/the-masters-institute-of-creative-education/campuses,200,64 KB,Save campus url,0 sec,"20/09/2023, 10:36:22.669874",2.0893445014953613
"20/09/2023, 10:36:20.513010",https://www.studiesinaustralia.com/courses-in-australia/the-makeup-technicians-pty-ltd/campuses,200,64 KB,Save campus url,0 sec,"20/09/2023, 10:36:22.704120",2.1911098957061768
"20/09/2023, 10:36:20.906744",https://www.studiesinaustralia.com/courses-in-australia/the-university-of-notre-dame-australia/campuses,200,72 KB,Save campus url,0 sec,"20/09/2023, 10:36:22.983689",2.0769450664520264
"20/09/2023, 10:36:21.084202",https://www.studiesinaustralia.com/courses-in-australia/the-university-of-notre-dame-australia-study-abroad/campuses,200,71 KB,Save campus url,0 sec,"20/09/2023, 10:36:23.087800",2.0035977363586426
"20/09/2023, 10:36:22.162473",https://www.studiesinaustralia.com/courses-in-australia/think-education/campuses,200,65 KB,Save campus url,0 sec,"20/09/2023, 10:36:23.786355",1.6238815784454346
"20/09/2023, 10:36:22.164614",https://www.studiesinaustralia.com/courses-in-australia/top-education-institute/campuses,200,65 KB,Save campus url,0 sec,"20/09/2023, 10:36:24.027772",1.8631584644317627
"20/09/2023, 10:36:22.682293",https://www.studiesinaustralia.com/courses-in-australia/torrens-university-australia/campuses,200,68 KB,Save campus url,0 sec,"20/09/2023, 10:36:24.038556",1.3562631607055664
"20/09/2023, 10:36:22.713338",https://www.studiesinaustralia.com/courses-in-australia/trade-institute-of-victoria-pty-ltd/campuses,200,65 KB,Save campus url,0 sec,"20/09/2023, 10:36:24.253230",1.5398919582366943
"20/09/2023, 10:36:23.003181",https://www.studiesinaustralia.com/courses-in-australia/trinity-theological-college/campuses,200,65 KB,Save campus url,0 sec,"20/09/2023, 10:36:24.707677",1.7035510540008545
"20/09/2023, 10:36:23.097126",https://www.studiesinaustralia.com/courses-in-australia/tristar-aviation-company-pty-ltd/campuses,200,64 KB,Save campus url,0 sec,"20/09/2023, 10:36:25.067698",1.970571517944336
"20/09/2023, 10:36:24.052397",https://www.studiesinaustralia.com/courses-in-australia/universal-institute-of-technology/campuses,200,64 KB,Save campus url,0 sec,"20/09/2023, 10:36:25.541613",1.4892165660858154
"20/09/2023, 10:36:23.795271",https://www.studiesinaustralia.com/courses-in-australia/unity-college-australia/campuses,200,65 KB,Save campus url,0 sec,"20/09/2023, 10:36:25.678833",1.8835623264312744
"20/09/2023, 10:36:24.036529",https://www.studiesinaustralia.com/courses-in-australia/universal-business-school-sydney-ubss/campuses,200,65 KB,Save campus url,0 sec,"20/09/2023, 10:36:26.174950",2.1384212970733643
"20/09/2023, 10:36:24.260393",https://www.studiesinaustralia.com/courses-in-australia/university-of-adelaide-the/campuses,200,66 KB,Save campus url,0 sec,"20/09/2023, 10:36:26.446033",2.1856396198272705
"20/09/2023, 10:36:24.721223",https://www.studiesinaustralia.com/courses-in-australia/university-of-canberra/campuses,200,68 KB,Save campus url,0 sec,"20/09/2023, 10:36:26.615117",1.8938944339752197
"20/09/2023, 10:36:25.088773",https://www.studiesinaustralia.com/courses-in-australia/university-of-divinity/campuses,200,71 KB,Save campus url,0 sec,"20/09/2023, 10:36:27.770998",2.682224988937378
"20/09/2023, 10:36:25.561744",https://www.studiesinaustralia.com/courses-in-australia/university-of-melbourne-the/campuses,200,67 KB,Save campus url,0 sec,"20/09/2023, 10:36:28.228338",2.6665942668914795
"20/09/2023, 10:36:26.185103",https://www.studiesinaustralia.com/courses-in-australia/university-of-new-england-une/campuses,200,66 KB,Save campus url,0 sec,"20/09/2023, 10:36:28.672042",2.4869394302368164
"20/09/2023, 10:36:25.698728",https://www.studiesinaustralia.com/courses-in-australia/university-of-newcastle/campuses,200,67 KB,Save campus url,0 sec,"20/09/2023, 10:36:28.696826",2.998098373413086
"20/09/2023, 10:36:26.463719",https://www.studiesinaustralia.com/courses-in-australia/university-of-queensland-the-uq/campuses,200,67 KB,Save campus url,0 sec,"20/09/2023, 10:36:28.763798",2.3000783920288086
"20/09/2023, 10:36:26.650135",https://www.studiesinaustralia.com/courses-in-australia/university-of-south-australia-unisa/campuses,200,74 KB,Save campus url,0 sec,"20/09/2023, 10:36:28.766750",2.116615056991577
"20/09/2023, 10:36:27.785454",https://www.studiesinaustralia.com/courses-in-australia/university-of-southern-queensland-usq/campuses,200,73 KB,Save campus url,0 sec,"20/09/2023, 10:36:29.646663",1.8612089157104492
"20/09/2023, 10:36:28.685130",https://www.studiesinaustralia.com/courses-in-australia/university-of-tasmania/campuses,200,67 KB,Save campus url,0 sec,"20/09/2023, 10:36:30.183376",1.4982454776763916
"20/09/2023, 10:36:28.780045",https://www.studiesinaustralia.com/courses-in-australia/university-of-western-australia-the-uwa/campuses,200,65 KB,Save campus url,0 sec,"20/09/2023, 10:36:30.340242",1.5601963996887207
"20/09/2023, 10:36:28.778006",https://www.studiesinaustralia.com/courses-in-australia/university-of-the-sunshine-coast-unisc/campuses,200,67 KB,Save campus url,0 sec,"20/09/2023, 10:36:30.490609",1.7126030921936035
"20/09/2023, 10:36:28.241408",https://www.studiesinaustralia.com/courses-in-australia/university-of-sydney/campuses,200,67 KB,Save campus url,0 sec,"20/09/2023, 10:36:30.489607",2.2481982707977295
"20/09/2023, 10:36:28.705234",https://www.studiesinaustralia.com/courses-in-australia/university-of-technology-sydney/campuses,200,73 KB,Save campus url,0 sec,"20/09/2023, 10:36:30.498726",1.7934916019439697
"20/09/2023, 10:36:29.655577",https://www.studiesinaustralia.com/courses-in-australia/university-of-wollongong/campuses,200,69 KB,Save campus url,0 sec,"20/09/2023, 10:36:31.926535",2.2709574699401855
"20/09/2023, 10:36:30.354964",https://www.studiesinaustralia.com/courses-in-australia/unsw-canberra-at-the-australian-defence-force-academy-unsw-canberra-at-adfa/campuses,200,65 KB,Save campus url,0 sec,"20/09/2023, 10:36:32.580565",2.2256009578704834
"20/09/2023, 10:36:30.195104",https://www.studiesinaustralia.com/courses-in-australia/university-preparation-college/campuses,200,64 KB,Save campus url,0 sec,"20/09/2023, 10:36:32.583628",2.388524055480957
"20/09/2023, 10:36:30.524286",https://www.studiesinaustralia.com/courses-in-australia/unsw-sydney/campuses,200,66 KB,Save campus url,0 sec,"20/09/2023, 10:36:32.601559",2.078310489654541
"20/09/2023, 10:36:30.529277",https://www.studiesinaustralia.com/courses-in-australia/uow-college/campuses,200,65 KB,Save campus url,0 sec,"20/09/2023, 10:36:32.604564",2.075286626815796
"20/09/2023, 10:36:30.532469",https://www.studiesinaustralia.com/courses-in-australia/utsinsearch/campuses,200,64 KB,Save campus url,0 sec,"20/09/2023, 10:36:32.746639",2.214169979095459
"20/09/2023, 10:36:31.935689",https://www.studiesinaustralia.com/courses-in-australia/vfa-learning/campuses,200,64 KB,Save campus url,0 sec,"20/09/2023, 10:36:32.912475",0.9767849445343018
"20/09/2023, 10:36:32.618454",https://www.studiesinaustralia.com/courses-in-australia/victoria-university-vu/campuses,200,67 KB,Save campus url,0 sec,"20/09/2023, 10:36:33.981430",1.362976312637329
"20/09/2023, 10:36:32.620454",https://www.studiesinaustralia.com/courses-in-australia/victory-life-international-bible-training-centre/campuses,200,64 KB,Save campus url,0 sec,"20/09/2023, 10:36:34.026837",1.4063832759857178
"20/09/2023, 10:36:32.615814",https://www.studiesinaustralia.com/courses-in-australia/victorian-institute-of-technology-pty-ltd/campuses,200,66 KB,Save campus url,0 sec,"20/09/2023, 10:36:34.241420",1.6256065368652344
"20/09/2023, 10:36:32.617322",https://www.studiesinaustralia.com/courses-in-australia/victorian-international-academy/campuses,200,64 KB,Save campus url,0 sec,"20/09/2023, 10:36:34.340381",1.7230587005615234
"20/09/2023, 10:36:32.753607",https://www.studiesinaustralia.com/courses-in-australia/vose-seminary/campuses,200,64 KB,Save campus url,0 sec,"20/09/2023, 10:36:34.377622",1.6240146160125732
"20/09/2023, 10:36:32.935620",https://www.studiesinaustralia.com/courses-in-australia/west-australian-english-college/campuses,200,64 KB,Save campus url,0 sec,"20/09/2023, 10:36:34.837312",1.9016916751861572
"20/09/2023, 10:36:33.992610",https://www.studiesinaustralia.com/courses-in-australia/west-australian-institute-of-further-studies/campuses,200,64 KB,Save campus url,0 sec,"20/09/2023, 10:36:35.815100",1.8224892616271973
"20/09/2023, 10:36:34.385605",https://www.studiesinaustralia.com/courses-in-australia/win-college/campuses,200,64 KB,Save campus url,0 sec,"20/09/2023, 10:36:36.122050",1.7364449501037598
"20/09/2023, 10:36:34.252005",https://www.studiesinaustralia.com/courses-in-australia/whitehouse-institute-of-design-australia/campuses,200,65 KB,Save campus url,0 sec,"20/09/2023, 10:36:36.134097",1.8820922374725342
"20/09/2023, 10:36:34.042140",https://www.studiesinaustralia.com/courses-in-australia/western-sydney-university/campuses,200,70 KB,Save campus url,0 sec,"20/09/2023, 10:36:36.173544",2.131404161453247
"20/09/2023, 10:36:34.353693",https://www.studiesinaustralia.com/courses-in-australia/william-angliss-institute-tafe-vic/campuses,200,65 KB,Save campus url,0 sec,"20/09/2023, 10:36:36.567261",2.2135677337646484
